name,age,above_18,dob,mobile,email,first_name,last_name,member_id
Aaryan Sathasivam s/o P. Nilanga,35.583561643835615,True,19860611,68224145,kgrogonoi@mac.com,aaryan_sathasivam,p_nilanga,p_nilanga_bc6f7
Anjali Kalai d/o N. Thevar,40.57260273972603,True,19810616,95036865,kcravene@ycombinator.com,anjali_kalai,n_thevar,n_thevar_7e932
Baey Jun Rui,22.265753424657536,True,19991002,66759858,hhavick2k@goo.ne.jp,jun rui,baey,baey_b1db8
Baruni Sathasivam d/o J. Navin,40.87123287671233,True,19810227,90942411,uhuncoteg@ezinearticles.com,baruni_sathasivam,j_navin,j_navin_25e89
Baruni Sathasivam d/o M. Kumaran,36.64931506849315,True,19850518,81030167,ahazeldene23@examiner.com,baruni_sathasivam,m_kumaran,m_kumaran_49f5b
Dina Mastura Binte Mohamad Anuar,32.9013698630137,True,19890214,69139769,hdemattia2b@si.edu,dina_mastura,binte_mohamad_anuar,binte_mohamad_anuar_a662e
Ding Yi Hao,37.11780821917808,True,19841128,60221005,aollerhadu@deliciousdays.com,yi hao,ding,ding_caa1d
Don Thevar s/o N. Prakash,22.40821917808219,True,19990811,62164198,pfergyson1x@wordpress.com,don_thevar,n_prakash,n_prakash_71a51
Eliza Sobia Binte Mohammad Irfan,39.52328767123288,True,19820704,64898551,hpesseltr@printfriendly.com,eliza_sobia,binte_mohammad_irfan,binte_mohammad_irfan_da296
Fan Kai Feng,24.682191780821917,True,19970503,66426863,mwhichelowc@nydailynews.com,kai feng,fan,fan_3ab9c
Hairul Azmi Bin Johan Abdullah,28.123287671232877,True,19931124,61011813,klambal1c@japanpost.jp,hairul_azmi,bin_johan_abdullah,bin_johan_abdullah_dedf6
Hakimah Adha Binte Abdullah,36.320547945205476,True,19850915,63830435,kfetherstone2e@ihg.com,hakimah_adha,binte_abdullah,binte_abdullah_bc9d6
Hannah Putri Binte Izhar Izuddin,40.88219178082192,True,19810223,61808092,apetrescu27@1und1.de,hannah_putri,binte_izhar_izuddin,binte_izhar_izuddin_39f37
Hema Kumari d/o P. Nair,31.326027397260273,True,19900912,91806684,astoadel@ow.ly,hema_kumari,p_nair,p_nair_12300
Hong Cheng Boon,21.684931506849313,True,20000501,69237067,dbaser1i@va.gov,cheng boon,hong,hong_d5514
Hong De Kang,33.61917808219178,True,19880528,95939300,cbellinib@ed.gov,de kang,hong,hong_1267e
Hu Ying Hui,22.26027397260274,True,19991004,67802327,wmurtagh0@free.fr,ying hui,hu,hu_5667b
Huang Jun Rui,22.484931506849314,True,19990714,False,lchastangy@goo.ne.jp,jun rui,huang,huang_8cabc
Indra Venkiteswaran d/o P. Anand,33.18356164383562,True,19881103,63701209,mbrooker1k@about.me,indra_venkiteswaran,p_anand,p_anand_a1a6c
Irfan Syahid Bin Muhamad Mubin,22.698630136986303,True,19990427,62292872,ftudgeo@elegantthemes.com,irfan_syahid,bin_muhamad_mubin,bin_muhamad_mubin_b7b6e
Latha Tharumalingam d/o P. Krishnan,26.35890410958904,True,19950830,66737064,mvuitton1o@delicious.com,latha_tharumalingam,p_krishnan,p_krishnan_450a2
Lau Yong Zu,22.279452054794522,True,19990927,90929380,rnajerad@fastcompany.com,yong zu,lau,lau_4a2dd
Leung Guo Ming,25.378082191780823,True,19960822,False,hzuann2m@webs.com,guo ming,leung,leung_16c52
Liu Xin Yi,34.00821917808219,True,19880107,90578034,fcopsw@cornell.edu,xin yi,liu,liu_d6a71
Liu Yi Xin,25.945205479452056,True,19960128,67083779,jkenchingtonv@hubpages.com,yi xin,liu,liu_56576
Lu Rui Lin,24.586301369863012,True,19970607,84031637,elathwood2i@ucoz.com,rui lin,lu,lu_c3fb8
Mirah Fadzal Binte Noh Adha,27.55890410958904,True,19940618,62275702,mgiannassiq@techcrunch.com,mirah_fadzal,binte_noh_adha,binte_noh_adha_ffcab
Mohammad Rizal Bin Muhamad Ali,24.504109589041096,True,19970707,90953946,jekells@salon.com,mohammad_rizal,bin_muhamad_ali,bin_muhamad_ali_4b9af
Mohammad Rohan Bin Mohamamad Andika,36.31232876712329,True,19850918,False,nroobottom2c@slate.com,mohammad_rohan,bin_mohamamad_andika,bin_mohamamad_andika_fb733
Muhamad Ali Bin Abdul Khalim,31.616438356164384,True,19900529,69193148,nwaisa@trellian.com,muhamad_ali,bin_abdul_khalim,bin_abdul_khalim_b8736
Nandhini Sathasivam d/o A. Nair,35.04109589041096,True,19861226,66480597,frameauxn@china.com.cn,nandhini_sathasivam,a_nair,a_nair_aff02
Nur Qaseh  Binte Raihan Nazir,27.471232876712328,True,19940720,62696084,vkornp@booking.com,nur_qaseh,binte_raihan_nazir,binte_raihan_nazir_640ef
Nurul Aisha Binte Yusoff Radin,39.1945205479452,True,19821101,63470595,darmour25@deliciousdays.com,nurul_aisha,binte_yusoff_radin,binte_yusoff_radin_f4037
Nurul Huda Binte Ridwan Zaidi,35.986301369863014,True,19860115,False,fgorvin8@google.pl,nurul_huda,binte_ridwan_zaidi,binte_ridwan_zaidi_0dc76
Oon Yi Xin,30.328767123287673,True,19910911,91116303,hgloyens2n@soundcloud.com,yi xin,oon,oon_0342c
Pan Kai Hui,24.813698630136987,True,19970316,88416628,wslewcock3@istockphoto.com,kai hui,pan,pan_a8403
Poon Jia Jian,25.843835616438355,True,19960305,66468248,mimmins7@sogou.com,jia jian,poon,poon_eab49
Saanvi Thamilaraser d/o A. Sathasivam,40.104109589041094,True,19811204,67353105,aren1r@hexun.com,saanvi_thamilaraser,a_sathasivam,a_sathasivam_f9b6f
Satvik Das s/o N. Gidwani,37.64383561643836,True,19840520,False,tminerdo1z@blinklist.com,satvik_das,n_gidwani,n_gidwani_21450
Sebastian Raj s/o P. Chandrasekaran,28.043835616438358,True,19931223,66238577,adionisoj@yellowpages.com,sebastian_raj,p_chandrasekaran,p_chandrasekaran_e09c5
Sim Si Ying,27.70958904109589,True,19940424,69219262,klowther14@dell.com,si ying,sim,sim_68418
Siti Nurbaya Binte Abdul Hazim,37.16164383561644,True,19841112,65227311,bbrea29@accuweather.com,siti_nurbaya,binte_abdul_hazim,binte_abdul_hazim_deda6
Tee Si Hui,26.53150684931507,True,19950628,93278366,mmounch2@domainmarket.com,si hui,tee,tee_1e20f
Tee Xuan Ying,32.4027397260274,True,19890815,84965287,tczyz1@hc360.com,xuan ying,tee,tee_64ef8
Trisha Krishnan d/o N. Kumar,38.3013698630137,True,19830923,98548174,sbogaertf@github.io,trisha_krishnan,n_kumar,n_kumar_8c59f
Tung Guo Ming,30.734246575342464,True,19910416,87851847,wgahagan12@bing.com,guo ming,tung,tung_f297a
Woo Hao Rui,29.567123287671233,True,19920615,64936601,edhooghe2o@comsenz.com,hao rui,woo,woo_8b62d
Xu En Hui,26.03287671232877,True,19951227,87806704,abompas1e@dyndns.org,en hui,xu,xu_cdccc
Ye Xin En,36.273972602739725,True,19851002,60790589,frobic2q@jalbum.net,xin en,ye,ye_44342
Yung Yong Hui,40.178082191780824,True,19811107,98988651,hbroggini4@prnewswire.com,yong hui,yung,yung_4acf8
Zeng Jia Yi,22.89041095890411,True,19990216,96276106,hpottie1m@goo.gl,jia yi,zeng,zeng_fe095
Zhu Si Wen,35.73424657534247,True,19860417,96149559,hdalgleish1b@icq.com,si wen,zhu,zhu_0c26d
Lai Xuan Ming,37.35068493150685,True,19840904,67477477,dbrookesx@webeden.co.uk,xuan ming,lai,lai_9d85a
Choo Si Hui,32.76712328767123,True,19890404,67338095,mabramovitzz@nhs.uk,si hui,choo,choo_edd91
Say Kok Soon,24.487671232876714,True,19970713,92318885,bsnoxell11@issuu.com,kok soon,say,say_fac5d
Lin Kai Feng,38.52328767123288,True,19830704,86129219,hwooff13@elpais.com,kai feng,lin,lin_148cd
Koh Hui Wen,41.88493150684931,True,19800223,64981063,cbozier15@wp.com,hui wen,koh,koh_4be14
Teong En Hui,36.106849315068494,True,19851202,60830020,jbourke18@google.com,en hui,teong,teong_93a63
Huang Cheng Hao,32.16712328767123,True,19891109,90207877,clearie1a@angelfire.com,cheng hao,huang,huang_f2629
Low Shu Qi,21.44931506849315,True,20000726,92192486,mcollopy1d@e-recht24.de,shu qi,low,low_13f87
Tin Ming Hui,21.934246575342467,True,20000131,84812792,rtrobey1f@pen.io,ming hui,tin,tin_01166
Teo Rui En,36.865753424657534,True,19850228,81633406,lstuddeard1h@nba.com,rui en,teo,teo_54491
Lin Yong Bin,21.852054794520548,True,20000301,83117518,acosti1j@senate.gov,lin_yong,bin_,bin__3c3d8
Toh Yi Min,26.06027397260274,True,19951217,91057486,tglastonbury1l@spiegel.de,yi min,toh,toh_4ba68
Noh Rifqi Bin Raihan Nazir,30.884931506849316,True,19910220,66285569,wfranciottoi1n@imdb.com,noh_rifqi,bin_raihan_nazir,bin_raihan_nazir_888bb
Nadia Mano Binte Yusoff Radin,23.21917808219178,True,19981019,66097343,cwreiford1p@hostgator.com,nadia_mano,binte_yusoff_radin,binte_yusoff_radin_582f0
Izhar Izuddin Bin Muhamad Mubin,27.164383561643834,True,19941109,67134452,lfinnick1q@istockphoto.com,izhar_izuddin,bin_muhamad_mubin,bin_muhamad_mubin_d3515
Amirah Aqsa Binte Ridwan Zaidi,28.24931506849315,True,19931009,68880264,grimington1v@symantec.com,amirah_aqsa,binte_ridwan_zaidi,binte_ridwan_zaidi_42151
Abdul Khalim Bin Hairul Anuar,33.11232876712329,True,19881129,93172253,bmabon1w@springer.com,abdul_khalim,bin_hairul_anuar,bin_hairul_anuar_e7e43
Mohammad Rohan Bin Mohammad Aniq,27.832876712328765,True,19940310,86570088,akarolczyk1y@diigo.com,mohammad_rohan,bin_mohammad_aniq,bin_mohammad_aniq_b57fc
Nurul Aisha Binte Muhamad Noor,36.81369863013698,True,19850319,82344240,smanoelli20@walmart.com,nurul_aisha,binte_muhamad_noor,binte_muhamad_noor_d027a
Farhan Islan Bin Mohammad Syaril,34.136986301369866,True,19871121,91718424,aphilipet22@t-online.de,farhan_islan,bin_mohammad_syaril,bin_mohammad_syaril_cc7c8
