member_id,name,first_name,last_name,above_18,age,date_of_birth,mobile,email
Dixon_3864b,William Dixon,William,Dixon,True,36.0,19860110,40601711,William_Dixon@woodward-fuller.biz
Smith_c7677,Patty Smith,Patty,Smith,True,46.38,19750827,59428759,Patty_Smith@ross.com
Jacobson_e151e,Sarah Jacobson,Sarah,Jacobson,True,63.86,19580309,61071779,Sarah_Jacobson@mclean-jacobs.info
Shannon_dd402,Kayla Shannon,Kayla,Shannon,True,37.65,19840517,51323743,Kayla_Shannon@hendricks-hunter.org
Wang_04168,Sean Wang DDS,Sean,Wang,True,61.85,19600311,25595367,Sean_Wang@gibson-calderon.com
Estrada_0bf5b,Richard Estrada,Richard,Estrada,True,29.23,19921015,22821527,Richard_Estrada@malone.com
Cline_825fb,Jackson Cline,Jackson,Cline,True,50.98,19710121,48056519,Jackson_Cline@hudson.net
Williams_3e726,Allen Williams,Allen,Williams,True,24.16,19971109,77991519,Allen_Williams@sanchez.net
Flores_f6828,Eric Flores,Eric,Flores,True,40.01,19820107,36641663,Eric_Flores@dillon-patterson.com
Richardson_ef158,Anna Richardson,Anna,Richardson,True,54.89,19670223,64083047,Anna_Richardson@perry.com
Smith_9625b,Benjamin Smith,Benjamin,Smith,True,34.05,19871223,95835639,Benjamin_Smith@christian-contreras.com
Ward_e1acd,Bobby Ward,Bobby,Ward,True,57.28,19641006,64672783,Bobby_Ward@bailey-taylor.org
Gomez_876bf,Taylor Gomez,Taylor,Gomez,True,39.22,19821022,24007567,Taylor_Gomez@johnston.com
Rodriguez_93ac7,Jeremy Rodriguez,Jeremy,Rodriguez,True,43.38,19780828,32567967,Jeremy_Rodriguez@roth.com
Garcia_26b55,April Garcia,April,Garcia,True,34.03,19871231,24650447,April_Garcia@hall.com
Garza_40199,Sharon Garza,Sharon,Garza,True,19.35,20020830,59411567,Sharon_Garza@duran.com
Sanchez_364a7,Lori Sanchez,Lori,Sanchez,True,23.72,19980420,76989167,Lori_Sanchez@hardin-warner.net
Reed_3bc34,Joseph Reed,Joseph,Reed,True,70.08,19511220,18798163,Joseph_Reed@kelley.com
Armstrong_e2fb8,Jason Armstrong,Jason,Armstrong,True,29.15,19921116,68514503,Jason_Armstrong@curtis.com
Allison_0c21b,Jessica Allison,Jessica,Allison,True,49.21,19721030,66821135,Jessica_Allison@harper.com
Hall_5eccd,Arthur Hall MD,Arthur,Hall,True,27.83,19940311,65493407,Arthur_Hall@gonzalez.com
Meza_5bcfa,Sherry Meza,Sherry,Meza,True,24.75,19970409,33491119,Sherry_Meza@west.com
Johnston_cda33,James Johnston,James,Johnston,True,53.25,19681016,52358919,James_Johnston@fox-brandt.org
Turner_0303a,Matthew Turner,Matthew,Turner,True,27.51,19940707,73291455,Matthew_Turner@martinez.com
Bauer_18f68,Jeffrey Bauer,Jeffrey,Bauer,True,55.42,19660813,51154803,Jeffrey_Bauer@garza.com
Randolph_76c7a,Sophia Randolph,Sophia,Randolph,True,71.45,19500807,94510479,Sophia_Randolph@leonard-ramirez.com
Matthews_2a414,Marissa Matthews,Marissa,Matthews,True,49.9,19720221,20636447,Marissa_Matthews@graves.com
Thompson_8382b,Dr. Samuel Thompson,Samuel,Thompson,True,37.85,19840304,99063183,Samuel_Thompson@sanchez-carroll.com
Lee_76cce,Zachary Lee,Zachary,Lee,True,34.52,19870704,36447751,Zachary_Lee@smith.com
Pittman_44c4d,Kara Pittman,Kara,Pittman,True,53.64,19680525,80502567,Kara_Pittman@gomez-vaughn.com
Smith_0547b,James Smith,James,Smith,True,55.89,19660225,85794215,James_Smith@perez-cole.info
Ruiz_1546f,Charles Ruiz,Charles,Ruiz,True,54.01,19680113,85158255,Charles_Ruiz@sullivan-jones.com
Shaw_45468,Rachel Shaw,Rachel,Shaw,True,63.07,19581223,66511687,Rachel_Shaw@stevenson-martinez.com
Mora_4517e,Randy Mora,Randy,Mora,True,28.12,19931127,77326903,Randy_Mora@herrera-strong.biz
Miller_d11a8,James Miller,James,Miller,True,50.37,19710831,64917031,James_Miller@nguyen.com
Williams_74173,Jacqueline Williams,Jacqueline,Williams,True,30.42,19910810,48250447,Jacqueline_Williams@bell-salas.biz
Anthony_ebd30,Gabriella Anthony,Gabriella,Anthony,True,25.0,19970106,89108943,Gabriella_Anthony@castro.com
Moore_75830,Elizabeth Moore,Elizabeth,Moore,True,46.64,19750524,92096903,Elizabeth_Moore@kelley.biz
Cantrell_b19eb,Misty Cantrell,Misty,Cantrell,True,64.88,19570303,79619831,Misty_Cantrell@flores-decker.com
Guerrero_d55cb,Kelly Guerrero,Kelly,Guerrero,True,24.93,19970203,53052583,Kelly_Guerrero@riggs.com
Nichols_9226a,David Nichols,David,Nichols,True,59.41,19620819,62269575,David_Nichols@rocha.com
Galloway_1a4d2,Shawn Galloway,Shawn,Galloway,True,36.73,19850419,17471367,Shawn_Galloway@johnston.com
Salazar_88b5f,Fernando Salazar,Fernando,Salazar,True,49.74,19720419,71192443,Fernando_Salazar@humphrey.com
Sanford_c7e24,Dennis Sanford,Dennis,Sanford,True,41.43,19800806,88084407,Dennis_Sanford@lopez-archer.com
Myers_1ef89,Leah Myers,Leah,Myers,True,35.35,19860905,65720823,Leah_Myers@nichols-davies.info
Murphy_0851c,Amanda Murphy,Amanda,Murphy,True,21.44,20000730,30501351,Amanda_Murphy@bright-gibbs.net
Martin_35f44,Bobby Martin,Bobby,Martin,True,21.77,20000331,43871143,Bobby_Martin@jackson.com
Miller_da4de,Daniel Miller,Daniel,Miller,True,21.97,20000119,86343895,Daniel_Miller@jackson.info
Jones_3cea3,Lauren Jones,Lauren,Jones,True,34.47,19870724,96512831,Lauren_Jones@castaneda.com
Bishop_b0506,Vernon Bishop,Vernon,Bishop,True,48.51,19730710,78396487,Vernon_Bishop@clark-larson.com
Meyers_2871d,Phillip Meyers,Phillip,Meyers,True,61.24,19601022,95409119,Phillip_Meyers@mcneil-williams.com
Hubbard_944d1,Nicholas Hubbard,Nicholas,Hubbard,True,57.06,19641224,36966279,Nicholas_Hubbard@day.info
Strickland_c13f0,Jeremy Strickland,Jeremy,Strickland,True,71.07,19501223,20151487,Jeremy_Strickland@adkins.com
Richards_7ee56,Amanda Richards,Amanda,Richards,True,51.06,19701223,32284303,Amanda_Richards@ramirez.biz
Wallace_72049,Whitney Wallace,Whitney,Wallace,True,43.28,19780930,97125103,Whitney_Wallace@valdez.info
Martin_6f48d,Robert Martin,Robert,Martin,True,71.51,19500718,78547615,Robert_Martin@crawford.com
Davis_7d08d,Marc Davis,Marc,Davis,True,41.65,19800520,96597403,Marc_Davis@harris.com
Taylor_4fbc5,William Taylor,William,Taylor,True,35.94,19860131,42996791,William_Taylor@warner-morgan.net
Pierce_133dc,Alyssa Pierce,Alyssa,Pierce,True,53.67,19680516,95839991,Alyssa_Pierce@ruiz.com
Brady_bd431,Michael Brady,Michael,Brady,True,71.83,19500323,65342263,Michael_Brady@wells-sanders.com
Rhodes_df266,James Rhodes,James,Rhodes,True,44.26,19771010,27465295,James_Rhodes@green.com
Ramirez_5ff32,Ryan Ramirez,Ryan,Ramirez,True,36.71,19850425,67907071,Ryan_Ramirez@pham.com
Burns_7f892,Edward Burns,Edward,Burns,True,70.59,19510618,68976471,Edward_Burns@graham.org
Thompson_52cd0,Stephen Thompson,Stephen,Thompson,True,70.19,19511112,75033031,Stephen_Thompson@hess.com
Rogers_1cfad,Allen Rogers,Allen,Rogers,True,60.87,19610305,88834151,Allen_Rogers@lewis.org
Williams_3b0d4,Susan Williams,Susan,Williams,True,45.1,19761205,95688383,Susan_Williams@rowland.com
Moore_2125a,Leslie Moore,Leslie,Moore,True,37.09,19841209,13237891,Leslie_Moore@waller.org
Blackburn_be088,Micheal Blackburn,Micheal,Blackburn,True,59.27,19621010,70637879,Micheal_Blackburn@lewis.org
Mays_1c3c6,James Mays,James,Mays,True,52.25,19691013,56033271,James_Mays@daniel.biz
Aguilar_ad5a0,Nancy Aguilar,Nancy,Aguilar,True,26.41,19950811,97516423,Nancy_Aguilar@lane.com
Williams_b7835,Jessica Williams,Jessica,Williams,True,48.39,19730824,26472931,Jessica_Williams@thomas-martin.com
Johnson_d9799,Michelle Johnson,Michelle,Johnson,True,54.41,19670820,94747727,Michelle_Johnson@smith.org
Johnson_d53b7,Dylan Johnson,Dylan,Johnson,True,26.0,19960107,52048815,Dylan_Johnson@montgomery.com
King_01148,Pamela King,Pamela,King,True,28.28,19930929,72515095,Pamela_King@soto.net
Smith_634dd,Robert Smith,Robert,Smith,True,34.72,19870424,76366335,Robert_Smith@joyce.com
Gonzalez_31e9a,Samantha Gonzalez,Samantha,Gonzalez,True,23.36,19980829,40456647,Samantha_Gonzalez@rios-fletcher.com
Huang_a78d0,Adam Huang,Adam,Huang,True,22.19,19991030,19505759,Adam_Huang@brown.info
Johnson_b6641,Michael Johnson,Michael,Johnson,True,26.71,19950423,50520919,Michael_Johnson@smith.biz
Pierce_68d7c,Terry Pierce,Terry,Pierce,True,57.35,19640910,91518459,Terry_Pierce@warner-reyes.com
Walker_ba5b7,Jeffery Walker,Jeffery,Walker,True,65.57,19560624,46574799,Jeffery_Walker@watson.com
Alvarez_7bc5d,Todd Alvarez,Todd,Alvarez,True,47.13,19741125,42011263,Todd_Alvarez@vaughn.com
Henry_064f4,John Henry,John,Henry,True,54.86,19670306,49860879,John_Henry@blake.info
Willis_d0046,Brett Willis,Brett,Willis,True,60.36,19610908,86342007,Brett_Willis@gibbs.com
Klein_43163,Louis Klein,Louis,Klein,True,56.07,19651220,33671863,Louis_Klein@phillips-allen.com
Wilkins_48a0a,Kristin Wilkins,Kristin,Wilkins,True,19.66,20020511,84393855,Kristin_Wilkins@harvey.com
Lynch_49515,Joshua Lynch,Joshua,Lynch,True,56.64,19650526,71572839,Joshua_Lynch@daniels.com
Williams_e69d3,Deborah Williams,Deborah,Williams,True,37.14,19841121,11357647,Deborah_Williams@howard.com
Martin_6cf84,Timothy Martin,Timothy,Martin,True,18.68,20030501,92008191,Timothy_Martin@camacho-sparks.net
Marshall_1f412,Brandon Marshall,Brandon,Marshall,True,35.74,19860415,12250471,Brandon_Marshall@thompson.org
Bright_776f9,Sarah Bright,Sarah,Bright,True,23.15,19981115,24327743,Sarah_Bright@winters.com
Anderson_48071,Rebecca Anderson,Rebecca,Anderson,True,48.38,19730827,27023231,Rebecca_Anderson@carter-ramirez.com
Frost_5ba4a,Roger Frost,Roger,Frost,True,51.91,19700217,94120431,Roger_Frost@cole-robinson.com
Dunn_8edbe,Toni Dunn,Toni,Dunn,True,41.36,19800831,89674459,Toni_Dunn@chapman.com
Dunn_84e93,Eric Dunn,Eric,Dunn,True,61.11,19601207,13714207,Eric_Dunn@reese.com
Pierce_1096d,Heather Pierce,Heather,Pierce,True,64.43,19570813,32413999,Heather_Pierce@williams-edwards.com
Erickson_6b984,Jordan Erickson,Jordan,Erickson,True,46.45,19750802,64756655,Jordan_Erickson@martinez.com
Johnson_1f4ed,James Johnson,James,Johnson,True,19.06,20021216,21476871,James_Johnson@greene.biz
Dawson_b5c48,Kendra Dawson,Kendra,Dawson,True,70.79,19510407,82622519,Kendra_Dawson@hernandez.biz
Ali_f361f,Susan Ali,Susan,Ali,True,23.01,19990105,74229143,Susan_Ali@leach.com
Anderson_2af78,Thomas Anderson,Thomas,Anderson,True,37.85,19840307,75106319,Thomas_Anderson@perez.biz
Wilson_f0626,Richard Wilson,Richard,Wilson,True,22.52,19990703,36349175,Richard_Wilson@hernandez.com
Butler_a60e8,Jon Butler,Jon,Butler,True,34.82,19870318,78121695,Jon_Butler@blackwell.com
Stanton_2eff0,Rose Stanton,Rose,Stanton,True,56.38,19650830,19285375,Rose_Stanton@coleman.info
Phillips_01acd,Paul Phillips,Paul,Phillips,True,24.89,19970216,11213063,Paul_Phillips@vance.com
Parker_5ebc0,Adam Parker,Adam,Parker,True,23.46,19980722,27783391,Adam_Parker@yoder.com
Walker_a21be,Cory Walker,Cory,Walker,True,59.11,19621208,37614935,Cory_Walker@torres.net
Thompson_840d4,Rebecca Thompson DDS,Rebecca,Thompson,True,23.47,19980720,98761031,Rebecca_Thompson@ferrell.biz
Bell_cb191,Elizabeth Bell,Elizabeth,Bell,True,20.78,20010329,20192319,Elizabeth_Bell@nguyen.org
Moore_2fe38,Jessica Moore,Jessica,Moore,True,60.93,19610212,43701951,Jessica_Moore@mooney.biz
Sanchez_cf3c9,Jeffrey Sanchez,Jeffrey,Sanchez,True,26.32,19950914,73226919,Jeffrey_Sanchez@jones-butler.com
Martin_7bf56,Bianca Martin,Bianca,Martin,True,43.93,19780205,86924127,Bianca_Martin@mitchell.com
King_2f8a4,Jeffrey King,Jeffrey,King,True,44.56,19770623,68622991,Jeffrey_King@hicks-boyd.com
Vaughn_1892c,Levi Vaughn,Levi,Vaughn,True,68.15,19531124,20939863,Levi_Vaughn@mason.biz
Stark_9f140,George Stark,George,Stark,True,51.75,19700414,45068735,George_Stark@ortiz.info
Salas_e3ba6,Jeffrey Salas,Jeffrey,Salas,True,30.34,19910908,86359023,Jeffrey_Salas@hernandez-weber.org
Mcdaniel_ab5b4,Shelly Mcdaniel,Shelly,Mcdaniel,True,26.2,19951028,86599403,Shelly_Mcdaniel@little.com
Wiggins_c46e0,Melanie Wiggins,Melanie,Wiggins,True,21.9,20000214,91699615,Melanie_Wiggins@mcdonald-rice.com
Smith_e0b77,Mr. Daniel Smith,Daniel,Smith,True,35.84,19860308,26613823,Daniel_Smith@cummings.com
Taylor_be631,April Taylor,April,Taylor,True,66.85,19550314,27461167,April_Taylor@johnson-hayes.biz
Vaughn_3106b,Erica Vaughn,Erica,Vaughn,True,63.18,19581113,83472491,Erica_Vaughn@erickson-evans.org
Smith_216c5,Christopher Smith,Christopher,Smith,True,40.52,19810707,42594715,Christopher_Smith@lamb.com
Love_95197,Marc Love,Marc,Love,True,66.49,19550722,96796419,Marc_Love@martin.com
Lawrence_fbccd,Scott Lawrence,Scott,Lawrence,True,46.02,19760104,59217375,Scott_Lawrence@aguilar.com
Sosa_84005,James Sosa,James,Sosa,True,64.44,19570811,47053447,James_Sosa@robles-hawkins.com
Jackson_b5943,Jamie Jackson,Jamie,Jackson,True,44.63,19770526,71512687,Jamie_Jackson@carr.com
Sparks_e463f,Roberto Sparks,Roberto,Sparks,True,42.52,19790706,88401951,Roberto_Sparks@pope.biz
Hatfield_bf691,Jeffrey Hatfield,Jeffrey,Hatfield,True,51.25,19701014,69441735,Jeffrey_Hatfield@morgan-erickson.com
Phillips_c68d2,James Phillips,James,Phillips,True,60.24,19611019,89808183,James_Phillips@green-taylor.com
Moore_555b6,Jessica Moore,Jessica,Moore,True,22.34,19990905,27155335,Jessica_Moore@harrison-bautista.com
Peters_6955e,Debra Peters,Debra,Peters,True,39.44,19820804,69115179,Debra_Peters@smith.com
Anderson_6c12a,Richard Anderson,Richard,Anderson,True,51.78,19700405,24730327,Richard_Anderson@peck-franklin.com
Hahn_38908,Lauren Hahn,Lauren,Hahn,True,49.57,19720620,15132727,Lauren_Hahn@simmons.com
Lucero_75b53,Matthew Lucero,Matthew,Lucero,True,31.67,19900508,52221639,Matthew_Lucero@bowers-pham.info
Perez_a30c9,Joseph Perez,Joseph,Perez,True,47.35,19740909,61876187,Joseph_Perez@ryan.com
Edwards_96edd,Faith Edwards,Faith,Edwards,True,44.47,19770726,44653063,Faith_Edwards@price.net
Vargas_b176f,Laura Vargas,Laura,Vargas,True,44.34,19770910,40816943,Laura_Vargas@gallagher-young.com
Lewis_f236b,Sarah Lewis,Sarah,Lewis,True,40.88,19810225,37945839,Sarah_Lewis@wyatt.com
Huff_88806,Brad Huff,Brad,Huff,True,60.05,19611227,28207575,Brad_Huff@moore.com
Sanchez_a1536,Thomas Sanchez,Thomas,Sanchez,True,64.34,19570914,23994083,Thomas_Sanchez@cunningham-reid.net
Richardson_e102e,Alexander Richardson,Alexander,Richardson,True,63.23,19581025,34675335,Alexander_Richardson@perez.com
Moore_4788f,Matthew Moore,Matthew,Moore,True,18.5,20030707,66391671,Matthew_Moore@nichols.com
Branch_2243b,Kerry Branch,Kerry,Branch,True,47.73,19740423,66079175,Kerry_Branch@mays.biz
Howard_99bdb,Joseph Howard,Joseph,Howard,True,69.48,19520726,46746383,Joseph_Howard@williams.com
Phillips_3268f,Jacqueline Phillips,Jacqueline,Phillips,True,33.98,19880118,55793915,Jacqueline_Phillips@larson.com
Richards_e1b0f,Anne Richards,Anne,Richards,True,52.6,19690609,84963423,Anne_Richards@mccarthy.com
Thomas_a6b2a,Derek Thomas,Derek,Thomas,True,57.48,19640724,37329863,Derek_Thomas@green.com
Bonilla_07c60,Joseph Bonilla,Joseph,Bonilla,True,47.68,19740508,66912183,Joseph_Bonilla@freeman.com
Barber_8e448,Gary Barber,Gary,Barber,True,66.18,19551112,44790343,Gary_Barber@roberts.net
Johnson_01409,Brian Johnson,Brian,Johnson,True,40.57,19810617,76631695,Brian_Johnson@carr.com
Peterson_d3043,Christine Peterson,Christine,Peterson,True,47.15,19741119,57627175,Christine_Peterson@hamilton.com
Bautista_06ca7,Christopher Bautista,Christopher,Bautista,True,27.9,19940212,48834663,Christopher_Bautista@rodgers.com
Rodriguez_8b26a,Randy Rodriguez,Randy,Rodriguez,True,40.23,19811019,80174711,Randy_Rodriguez@lopez.org
Krueger_f41b0,Barbara Krueger,Barbara,Krueger,True,69.83,19520322,30905343,Barbara_Krueger@strong.com
Curtis_746fa,Brian Curtis,Brian,Curtis,True,55.24,19661020,55737919,Brian_Curtis@higgins.biz
Brown_43bdb,Brian Brown,Brian,Brown,True,67.28,19541009,98374567,Brian_Brown@anderson.org
Oconnor_5d9be,Monica Oconnor,Monica,Oconnor,True,42.01,19800107,97887295,Monica_Oconnor@gordon.com
Johnson_317e0,Peggy Johnson,Peggy,Johnson,True,49.8,19720328,34795631,Peggy_Johnson@berg.com
Woods_1f4ed,Linda Woods,Linda,Woods,True,19.06,20021216,53675487,Linda_Woods@nelson.biz
Herrera_2275e,Susan Herrera,Susan,Herrera,True,66.4,19550826,24027735,Susan_Herrera@gomez.com
Matthews_33105,Andrew Matthews,Andrew,Matthews,True,33.89,19880219,90821359,Andrew_Matthews@ramos-vaughn.com
Kennedy_e1e07,Erin Kennedy,Erin,Kennedy,True,57.02,19650109,35865639,Erin_Kennedy@hendricks-mason.com
Lopez_ad64b,Jason Lopez,Jason,Lopez,True,47.37,19740830,11287127,Jason_Lopez@wood-hill.com
Clark_850e2,Jerry Clark,Jerry,Clark,True,26.28,19950928,46859655,Jerry_Clark@perez.com
Kim_61638,Alyssa Kim,Alyssa,Kim,True,31.17,19901108,59732335,Alyssa_Kim@beck-zuniga.com
Williams_225d6,Courtney Williams,Courtney,Williams,True,22.3,19990919,27598999,Courtney_Williams@garner.com
Price_6f0f0,Adrian Price,Adrian,Price,True,50.58,19710616,73308247,Adrian_Price@soto-diaz.biz
Haynes_d74e4,Kevin Haynes,Kevin,Haynes,True,52.56,19690624,75433787,Kevin_Haynes@jones.com
Hicks_c3ab0,John Hicks,John,Hicks,True,68.35,19530912,95395487,John_Hicks@weber.com
Kennedy_b93e8,Eric Kennedy,Eric,Kennedy,True,22.63,19990522,77994331,Eric_Kennedy@mcdonald.com
Johnson_89a0e,Brooke Johnson,Brooke,Johnson,True,30.74,19910415,55029023,Brooke_Johnson@tyler.org
Wood_911d3,Melissa Wood,Melissa,Wood,True,49.94,19720205,76325591,Melissa_Wood@sharp.info
Nelson_49b51,Matthew Nelson,Matthew,Nelson,True,63.97,19580127,45515247,Matthew_Nelson@hunt.com
Murphy_49efc,Michael Murphy,Michael,Murphy,True,43.68,19780508,97486607,Michael_Murphy@warren.biz
Glover_9a700,Carolyn Glover,Carolyn,Glover,True,42.5,19790714,87832791,Carolyn_Glover@walker.com
Moore_bd6b1,Robert Moore,Robert,Moore,True,66.76,19550415,19512199,Robert_Moore@young.com
Rogers_59ca9,Kelly Rogers,Kelly,Rogers,True,27.3,19940920,47022791,Kelly_Rogers@carr.info
Mcgee_84007,Nicole Mcgee,Nicole,Mcgee,True,62.88,19590303,34539135,Nicole_Mcgee@reyes.com
Hunter_c76d0,Danielle Hunter,Danielle,Hunter,True,50.43,19710811,99947039,Danielle_Hunter@ballard.com
Perez_016c7,Kelly Perez,Kelly,Perez,True,61.66,19600519,60614735,Kelly_Perez@ward-wilson.com
Odom_e8796,Mary Odom,Mary,Odom,True,58.43,19630813,98738367,Mary_Odom@morgan-reynolds.com
Hansen_88a2e,Stacy Hansen,Stacy,Hansen,True,40.58,19810615,59308935,Stacy_Hansen@braun.biz
Gibson_7ade8,Arthur Gibson II,Arthur,Gibson,True,60.87,19610306,75411807,Arthur_Gibson@thompson-thompson.com
Fitzpatrick_f3a7d,Tina Fitzpatrick,Tina,Fitzpatrick,True,69.95,19520205,11883967,Tina_Fitzpatrick@marshall-howard.org
Page_d8da3,Andrea Page,Andrea,Page,True,49.8,19720326,59221239,Andrea_Page@murphy-nelson.info
Katherine_fbe29,Miss Katherine Brennan MD,Miss,Katherine,True,44.16,19771113,37918255,Katherine_Brennan@garcia.net
Nielsen_d8b9d,Nathan Nielsen,Nathan,Nielsen,True,64.82,19570325,22721639,Nathan_Nielsen@smith-coleman.info
Miller_5a80b,Christopher Miller,Christopher,Miller,True,36.94,19850131,16222031,Christopher_Miller@kelly.com
Mendoza_5a25d,Charles Mendoza DVM,Charles,Mendoza,True,69.19,19521109,56858727,Charles_Mendoza@watts.org
Hopkins_7c2f6,Amber Hopkins,Amber,Hopkins,True,46.37,19750831,15289039,Amber_Hopkins@hall.com
Lara_05622,Christine Lara,Christine,Lara,True,63.04,19590103,77716475,Christine_Lara@barnes-lee.com
Garcia_76b84,Nancy Garcia,Nancy,Garcia,True,53.86,19680305,62971303,Nancy_Garcia@lewis-hayden.com
Rhodes_a5121,Alex Rhodes,Alex,Rhodes,True,43.33,19780913,75808519,Alex_Rhodes@russell.net
Bennett_1ed65,Daniel Bennett,Daniel,Bennett,True,48.87,19730228,20776023,Daniel_Bennett@stephens-oneill.com
Woodard_0dee6,Kevin Woodard,Kevin,Woodard,True,66.44,19550809,30319911,Kevin_Woodard@lynch.com
Gray_6615d,Cristina Gray,Cristina,Gray,True,43.72,19780424,15558739,Cristina_Gray@hoover-jones.info
Wheeler_62b5f,Todd Wheeler,Todd,Wheeler,True,25.34,19960904,50356375,Todd_Wheeler@woods.com
Woods_5e5f2,Linda Woods,Linda,Woods,True,60.14,19611127,81195711,Linda_Woods@diaz.com
Peterson_9e709,Alan Peterson,Alan,Peterson,True,45.96,19760129,88993663,Alan_Peterson@burch.com
Grant_46694,Jacob Grant,Jacob,Grant,True,30.1,19911204,94196575,Jacob_Grant@cummings.com
Johnson_aa25e,Gabrielle Johnson,Gabrielle,Johnson,True,63.61,19580610,35424207,Gabrielle_Johnson@serrano.com
Howard_45839,Anne Howard,Anne,Howard,True,52.6,19690610,35198251,Anne_Howard@rowe.com
Morales_0598c,Caleb Morales,Caleb,Morales,True,55.8,19660329,69459679,Caleb_Morales@collins.com
Dominguez_e2663,James Dominguez,James,Dominguez,True,33.1,19881205,49527207,James_Dominguez@black.com
Baker_af3ee,Anthony Baker,Anthony,Baker,True,32.46,19890725,50598455,Anthony_Baker@burns.biz
Cardenas_35ae4,Kathryn Cardenas,Kathryn,Cardenas,True,38.68,19830508,81016239,Kathryn_Cardenas@skinner.com
Johnson_9934c,Angel Johnson,Angel,Johnson,True,64.14,19571128,12270279,Angel_Johnson@anderson.info
Santiago_5cbec,Jeffrey Santiago,Jeffrey,Santiago,True,46.87,19750228,93827623,Jeffrey_Santiago@duncan.com
Mclaughlin_b2423,Andrew Mclaughlin,Andrew,Mclaughlin,True,48.67,19730514,66417719,Andrew_Mclaughlin@fitzpatrick-lucas.com
Porter_e9e42,Mr. Bryan Porter,Bryan,Porter,True,64.92,19570214,88089671,Bryan_Porter@elliott.com
Smith_750a9,Brendan Smith,Brendan,Smith,True,63.67,19580516,67839775,Brendan_Smith@williams.com
Wilson_09540,Amy Wilson,Amy,Wilson,True,47.76,19740412,64392323,Amy_Wilson@cortez.net
Clark_f30a3,David Clark,David,Clark,True,36.44,19850801,44834223,David_Clark@fleming.com
Joseph_f0dcb,Erika Joseph,Erika,Joseph,True,40.86,19810303,51075039,Erika_Joseph@romero.com
Allen_ff1d3,Paul Allen,Paul,Allen,True,53.18,19681110,44110375,Paul_Allen@jacobs-walker.info
Morales_7969b,Adam Morales,Adam,Morales,True,30.77,19910404,12197423,Adam_Morales@simpson-velazquez.info
Hernandez_f3251,Jeffrey Hernandez,Jeffrey,Hernandez,True,32.02,19891231,76263607,Jeffrey_Hernandez@mcdaniel.com
Miller_375ad,Michael Miller,Michael,Miller,True,57.66,19640520,17581687,Michael_Miller@taylor-moore.com
Scott_8820e,Randall Scott,Randall,Scott,True,50.36,19710903,98399307,Randall_Scott@hernandez.biz
Harrington_a9abd,Cynthia Harrington,Cynthia,Harrington,True,42.47,19790724,48879875,Cynthia_Harrington@adams.info
Newman_069d1,Theresa Newman,Theresa,Newman,True,27.11,19941129,36575799,Theresa_Newman@perry-scott.com
Brady_998fd,Michael Brady,Michael,Brady,True,38.99,19830113,56592895,Michael_Brady@miller.biz
Romero_7ffde,Paul Romero,Paul,Romero,True,61.28,19601007,98843943,Paul_Romero@middleton-jones.com
Ramirez_04ceb,Kathleen Ramirez,Kathleen,Ramirez,True,66.39,19550829,40351711,Kathleen_Ramirez@banks-wright.com
Choi_e37de,Janet Choi MD,Janet,Choi,True,35.48,19860718,66675695,Janet_Choi@neal.com
Bender_b8ade,Mark Bender,Mark,Bender,True,52.34,19690911,27354911,Mark_Bender@oneal-wilkins.com
Brown_7bef7,Abigail Brown,Abigail,Brown,True,41.42,19800810,15726143,Abigail_Brown@jones-underwood.com
Pham_361af,Brian Pham,Brian,Pham,True,35.95,19860127,35052023,Brian_Pham@allen.info
Nguyen_d1479,Timothy Nguyen,Timothy,Nguyen,True,20.1,20011129,68379127,Timothy_Nguyen@johnson-jacobs.biz
Dominguez_821d7,Antonio Dominguez,Antonio,Dominguez,True,41.16,19801115,75861007,Antonio_Dominguez@nichols.com
Morris_1057d,Tony Morris,Tony,Morris,True,51.44,19700805,33280551,Tony_Morris@davis.com
Carlson_d8db2,Randy Carlson,Randy,Carlson,True,66.64,19550530,51211679,Randy_Carlson@rivera.com
Williams_6f0a4,Kirsten Williams,Kirsten,Williams,True,70.13,19511204,28193351,Kirsten_Williams@mitchell.info
Pierce_7e42c,Mitchell Pierce,Mitchell,Pierce,True,20.37,20010824,96845551,Mitchell_Pierce@houston-conway.net
West_0afba,Angela West,Angela,West,True,40.71,19810427,59397207,Angela_West@anderson-fitzgerald.com
Weaver_0a95d,Tina Weaver,Tina,Weaver,True,34.8,19870325,47969919,Tina_Weaver@hoffman-clarke.info
Lyons_5c73e,Sherry Lyons,Sherry,Lyons,True,23.35,19980902,47672835,Sherry_Lyons@carson-copeland.com
Butler_c810e,Jennifer Butler,Jennifer,Butler,True,70.17,19511118,16079075,Jennifer_Butler@arellano-morris.com
Peters_4b936,Kevin Peters,Kevin,Peters,True,54.62,19670602,28855487,Kevin_Peters@edwards.com
Ortiz_216c5,Jennifer Ortiz,Jennifer,Ortiz,True,40.52,19810707,23476599,Jennifer_Ortiz@waters-cervantes.info
Conway_b14b9,Benjamin Conway,Benjamin,Conway,True,66.06,19551228,23338319,Benjamin_Conway@burton-paul.com
Mccarty_6f29c,Noah Mccarty,Noah,Mccarty,True,56.57,19650620,64718427,Noah_Mccarty@rios-oneill.com
Stewart_c3765,Andrew Stewart,Andrew,Stewart,True,70.13,19511202,19799879,Andrew_Stewart@wong.com
Jones_e27fe,Brenda Jones,Brenda,Jones,True,66.46,19550804,62608823,Brenda_Jones@lang.com
Shannon_6484d,Jerry Shannon,Jerry,Shannon,True,70.71,19510505,86239787,Jerry_Shannon@sweeney-gibbs.com
Brown_75572,Blake Brown,Blake,Brown,True,64.59,19570615,34835327,Blake_Brown@george-kelly.net
Bowers_29d22,Michael Bowers,Michael,Bowers,True,19.34,20020903,70074031,Michael_Bowers@klein-barry.com
Bradley_00d03,Shane Bradley,Shane,Bradley,True,45.68,19760510,32566207,Shane_Bradley@pratt-roberts.info
Bailey_5c8a5,Elizabeth Bailey,Elizabeth,Bailey,True,59.04,19630101,20218071,Elizabeth_Bailey@stephenson-arnold.com
Cruz_a17c6,James Cruz,James,Cruz,True,71.47,19500730,18758595,James_Cruz@bender-harris.com
Levy_1b739,Kelly Levy,Kelly,Levy,True,27.43,19940805,74468255,Kelly_Levy@barajas.com
Butler_97580,Tracy Butler,Tracy,Butler,True,64.95,19570205,45435383,Tracy_Butler@allison.info
Burton_e624b,Thomas Burton,Thomas,Burton,True,46.74,19750419,14613071,Thomas_Burton@dunn-avery.net
Garcia_ea09c,Kimberly Garcia,Kimberly,Garcia,True,58.46,19630801,41397407,Kimberly_Garcia@tapia.com
Sims_d2fec,Amber Sims,Amber,Sims,True,48.8,19730327,43947559,Amber_Sims@murphy.biz
Peterson_c41f4,Paul Peterson,Paul,Peterson,True,19.03,20021225,59148863,Paul_Peterson@bullock.com
Carrillo_20b27,Tiffany Carrillo,Tiffany,Carrillo,True,28.65,19930516,72843351,Tiffany_Carrillo@hoover-brown.org
Lewis_febfd,Donna Lewis,Donna,Lewis,True,41.72,19800422,86779671,Donna_Lewis@myers-dominguez.org
Morgan_f8970,Douglas Morgan,Douglas,Morgan,True,69.83,19520320,51636655,Douglas_Morgan@fritz-duncan.biz
Roberts_85b61,Devon Roberts,Devon,Roberts,True,18.19,20031030,81450999,Devon_Roberts@lewis.biz
Reilly_1c829,Michael Reilly,Michael,Reilly,True,49.67,19720514,33876967,Michael_Reilly@cooper.net
Martinez_d6f6b,Alejandra Martinez,Alejandra,Martinez,True,42.06,19791221,87381327,Alejandra_Martinez@jones.com
Mann_84bb3,Christina Mann,Christina,Mann,True,68.73,19530425,18391991,Christina_Mann@watson.info
Sanders_e813f,Timothy Sanders,Timothy,Sanders,True,69.29,19521003,63453583,Timothy_Sanders@harrell.com
Little_9b0c8,Latoya Little,Latoya,Little,True,43.52,19780708,43404335,Latoya_Little@martinez.com
Harvey_119d2,Sarah Harvey,Sarah,Harvey,True,61.8,19600331,58520471,Sarah_Harvey@martin-smith.com
Hansen_df29c,Aaron Hansen,Aaron,Hansen,True,23.94,19980128,51639887,Aaron_Hansen@mckinney.com
Ortiz_84be0,Melissa Ortiz,Melissa,Ortiz,True,63.47,19580729,49637727,Melissa_Ortiz@lee-malone.com
Hernandez_bcb5b,Brooke Hernandez,Brooke,Hernandez,True,30.15,19911114,97309975,Brooke_Hernandez@benitez.com
Livingston_19295,Lisa Livingston,Lisa,Livingston,True,71.74,19500423,20519415,Lisa_Livingston@glover.com
Mason_6bc9b,Eugene Mason,Eugene,Mason,True,43.08,19781213,47810855,Eugene_Mason@gardner.com
Cunningham_12799,Daniel Cunningham,Daniel,Cunningham,True,48.8,19730326,78657983,Daniel_Cunningham@cooper.com
Marsh_fea35,Victor Marsh,Victor,Marsh,True,50.35,19710908,52026823,Victor_Marsh@smith-olson.org
Smith_894dd,Alex Smith,Alex,Smith,True,19.68,20020503,58965703,Alex_Smith@johnson.com
Jennings_18c5d,Charles Jennings,Charles,Jennings,True,46.5,19750714,70913863,Charles_Jennings@cochran.net
Vargas_ed53f,Jessica Vargas,Jessica,Vargas,True,40.65,19810517,48925903,Jessica_Vargas@miller-price.net
Clark_92a9e,Olivia Clark,Olivia,Clark,True,47.28,19741001,67793735,Olivia_Clark@wade-roberson.com
Allen_3a518,Ricky Allen,Ricky,Allen,True,60.58,19610619,61433467,Ricky_Allen@roberts-mendoza.com
Griffin_edc21,Benjamin Griffin,Benjamin,Griffin,True,59.96,19620129,17280391,Benjamin_Griffin@brown.org
Carney_0d73a,Cathy Carney,Cathy,Carney,True,24.63,19970522,31104151,Cathy_Carney@williams.net
Spencer_c60e6,Ashley Spencer,Ashley,Spencer,True,30.95,19910126,68555775,Ashley_Spencer@anderson.com
Strickland_c68d2,Victoria Strickland,Victoria,Strickland,True,68.47,19530730,31595971,Victoria_Strickland@mccarthy-stewart.com
Smith_5b12e,Patrick Smith,Patrick,Smith,True,49.96,19720129,76398335,Patrick_Smith@molina.net
West_15f40,Samuel West,Samuel,West,True,19.53,20020627,50354899,Samuel_West@johnson-ryan.net
Baldwin_b3439,Haley Baldwin,Haley,Baldwin,True,56.76,19650413,31940631,Haley_Baldwin@bush-wolfe.com
Wilson_51998,Alexander Wilson,Alexander,Wilson,True,33.16,19881111,13893319,Alexander_Wilson@barron-garcia.com
Cole_2b0a2,April Cole,April,Cole,True,60.57,19610622,65186503,April_Cole@vargas.com
Riley_3e1f8,Holly Riley,Holly,Riley,True,47.46,19740728,55620431,Holly_Riley@stokes.com
Poole_23f28,Jeffrey Poole,Jeffrey,Poole,True,64.95,19570204,82077439,Jeffrey_Poole@cross.com
Poole_46b07,Rachel Poole,Rachel,Poole,True,45.43,19760807,35095087,Rachel_Poole@jones.net
Ward_57d0c,Sheena Ward,Sheena,Ward,True,48.3,19730926,96834175,Sheena_Ward@wilson-mcbride.com
Smith_8477e,Cynthia Smith,Cynthia,Smith,True,70.7,19510509,48760255,Cynthia_Smith@smith.com
Davidson_6ca42,James Davidson,James,Davidson,True,66.1,19551214,67973167,James_Davidson@brown.info
Clayton_6ad7d,Kevin Clayton,Kevin,Clayton,True,46.44,19750807,25081071,Kevin_Clayton@miller.com
Smith_774d5,Deanna Smith,Deanna,Smith,True,70.76,19510416,50395271,Deanna_Smith@cooke.com
Douglas_3ee8d,John Douglas,John,Douglas,True,22.85,19990302,22072627,John_Douglas@jensen.info
Coleman_db259,Sarah Coleman,Sarah,Coleman,True,72.0,19500119,37411775,Sarah_Coleman@novak.com
Butler_19820,Kurt Butler,Kurt,Butler,True,57.57,19640621,43394675,Kurt_Butler@taylor.net
Becker_dd317,Cody Becker,Cody,Becker,True,61.08,19601216,76003567,Cody_Becker@hansen.com
Molly_d8bf5,Miss Molly Miller,Miss,Molly,True,44.67,19770511,99947663,Molly_Miller@king-kelly.net
Bailey_fac5d,Craig Bailey,Craig,Bailey,True,24.49,19970713,33032303,Craig_Bailey@hancock-brown.com
Gray_00c0a,Patricia Gray,Patricia,Gray,True,55.83,19660319,18281751,Patricia_Gray@dawson.com
Nelson_148bf,Thomas Nelson DDS,Thomas,Nelson,True,28.27,19931002,12978607,Thomas_Nelson@brandt.info
Rivera_6a7ce,Robert Rivera DVM,Robert,Rivera,True,71.5,19500722,35020847,Robert_Rivera@gibson.com
Michelle_afe1c,Miss Michelle Lewis,Miss,Michelle,True,38.97,19830121,64700455,Michelle_Lewis@wiggins-thornton.com
Owens_4cd37,John Owens,John,Owens,True,54.73,19670424,71230983,John_Owens@callahan.com
Smith_313dd,Sarah Smith,Sarah,Smith,True,53.45,19680804,22702359,Sarah_Smith@kirk.com
Lucas_b2c40,Nancy Lucas,Nancy,Lucas,True,38.6,19830607,91477863,Nancy_Lucas@aguilar.com
Horne_46f11,Thomas Horne,Thomas,Horne,True,50.49,19710718,82457007,Thomas_Horne@floyd.info
Todd_ff585,Cathy Todd,Cathy,Todd,True,57.74,19640421,74009191,Cathy_Todd@acevedo.biz
Harmon_dff18,Vicki Harmon,Vicki,Harmon,True,33.35,19880902,20227951,Vicki_Harmon@fry.org
Kemp_a2ce1,Paige Kemp,Paige,Kemp,True,37.78,19840331,94316667,Paige_Kemp@green.org
Murray_a46c7,Christina Murray,Christina,Murray,True,42.07,19791217,35027583,Christina_Murray@collins-day.com
Berry_c02ad,Emma Berry,Emma,Berry,True,28.0,19940107,34612959,Emma_Berry@charles.com
Gross_2742d,Christopher Gross,Christopher,Gross,True,18.15,20031114,49217831,Christopher_Gross@grimes.net
Hawkins_8aa4f,Jason Hawkins,Jason,Hawkins,True,67.3,19541001,31750255,Jason_Hawkins@adams-hunter.com
Rodriguez_84bf3,Jeffrey Rodriguez,Jeffrey,Rodriguez,True,52.49,19690718,29947599,Jeffrey_Rodriguez@johnson-white.com
Bond_f22b0,Joseph Bond,Joseph,Bond,True,60.39,19610827,58099375,Joseph_Bond@may.biz
Miller_84bb3,Christina Miller,Christina,Miller,True,68.73,19530425,92153503,Christina_Miller@marshall-lucas.com
Patel_929da,Joann Patel,Joann,Patel,True,18.15,20031113,83570903,Joann_Patel@king.info
Harris_0bec1,Donna Harris,Donna,Harris,True,18.56,20030614,54582023,Donna_Harris@walter.biz
Glover_24c25,Thomas Glover,Thomas,Glover,True,54.42,19670814,41433683,Thomas_Glover@kane.biz
Fischer_cefba,Ryan Fischer,Ryan,Fischer,True,44.42,19770812,48151867,Ryan_Fischer@smith.biz
Morris_b8363,Kathryn Morris,Kathryn,Morris,True,55.61,19660605,12198603,Kathryn_Morris@martin-diaz.biz
Henry_25e89,Jonathan Henry,Jonathan,Henry,True,40.87,19810227,60113947,Jonathan_Henry@mccoy.info
Morales_b7f1d,Lori Morales,Lori,Morales,True,51.26,19701012,46595111,Lori_Morales@snow-boyd.biz
Miller_208dd,Maria Miller,Maria,Miller,True,27.05,19941221,86317751,Maria_Miller@roberts.com
Davis_3a81f,Eileen Davis,Eileen,Davis,True,69.79,19520404,19544735,Eileen_Davis@knox.com
Howard_af9f9,Tony Howard,Tony,Howard,True,68.93,19530211,62993627,Tony_Howard@gutierrez.org
Rivas_0504f,Nicole Rivas,Nicole,Rivas,True,27.12,19941124,45622759,Nicole_Rivas@liu.org
Kelley_336ba,John Kelley,John,Kelley,True,25.28,19960928,99919107,John_Kelley@george-barker.com
Miller_4e2a7,Harry Miller,Harry,Miller,True,32.58,19890613,63478047,Harry_Miller@warner-jackson.com
Hunter_7be8f,Robert Hunter,Robert,Hunter,True,45.23,19761021,80356607,Robert_Hunter@foster-woodward.info
Montes_29eaa,Ellen Montes,Ellen,Montes,True,60.51,19610714,16519759,Ellen_Montes@sellers.com
Mclean_3b78d,Gregory Mclean,Gregory,Mclean,True,60.46,19610801,38860951,Gregory_Mclean@valencia.com
Spencer_071ed,Angela Spencer,Angela,Spencer,True,23.68,19980502,18410783,Angela_Spencer@lopez.com
Price_35238,Christina Price,Christina,Price,True,35.43,19860805,65381695,Christina_Price@kennedy-tran.com
Morris_05ed3,Michael Morris,Michael,Morris,True,42.3,19790924,62959695,Michael_Morris@nelson.net
Randall_fe7f8,Amber Randall,Amber,Randall,True,69.36,19520910,60506343,Amber_Randall@boyd-freeman.net
Morris_f9657,Matthew Morris,Matthew,Morris,True,23.16,19981111,49822607,Matthew_Morris@boyle-novak.com
Blackburn_0c5fb,Cindy Blackburn,Cindy,Blackburn,True,21.25,20001008,86098071,Cindy_Blackburn@bolton.net
Jacobson_496c2,Matthew Jacobson,Matthew,Jacobson,True,70.77,19510412,99110191,Matthew_Jacobson@bishop-thomas.com
Jones_c6f5d,Stacy Jones,Stacy,Jones,True,27.33,19940909,71998399,Stacy_Jones@perez.com
Hudson_e8f96,Mike Hudson,Mike,Hudson,True,35.43,19860807,75936847,Mike_Hudson@wilson-snyder.info
Gray_61484,Antonio Gray,Antonio,Gray,True,50.84,19710315,56973759,Antonio_Gray@jackson-bell.org
Zimmerman_881d6,Scott Zimmerman,Scott,Zimmerman,True,65.97,19560130,70071511,Scott_Zimmerman@fischer.com
Silva_80f7f,Dakota Silva,Dakota,Silva,True,42.27,19791007,41853599,Dakota_Silva@barker-miller.com
Crawford_cd0ed,Cynthia Crawford,Cynthia,Crawford,True,56.31,19650925,97822935,Cynthia_Crawford@miller-fowler.org
Spencer_d5b01,Jacob Spencer MD,Jacob,Spencer,True,59.89,19620226,41992359,Jacob_Spencer@jefferson.net
Shelton_9002f,Shawn Shelton,Shawn,Shelton,True,58.98,19630124,62583727,Shawn_Shelton@dixon.biz
Hudson_9d670,Barbara Hudson,Barbara,Hudson,True,24.19,19971028,33194551,Barbara_Hudson@robinson-jones.com
Peterson_c30b8,Sherry Peterson,Sherry,Peterson,True,52.13,19691126,91916671,Sherry_Peterson@dillon-barber.com
Bird_86853,Austin Bird,Austin,Bird,True,45.66,19760515,53713179,Austin_Bird@young-stout.com
Oliver_94edc,Matthew Oliver,Matthew,Oliver,True,49.73,19720423,14016935,Matthew_Oliver@mitchell.com
Maddox_6974f,Roger Maddox,Roger,Maddox,True,40.71,19810426,86988519,Roger_Maddox@richards.com
Higgins_bc84f,Kristin Higgins,Kristin,Higgins,True,23.05,19981219,58071267,Kristin_Higgins@leonard.com
Martinez_06dcc,Patricia Martinez,Patricia,Martinez,True,59.12,19621202,61469863,Patricia_Martinez@stewart.info
Johnson_e0381,Gilbert Johnson,Gilbert,Johnson,True,36.3,19850923,97191811,Gilbert_Johnson@jones.com
Gutierrez_c61e8,Bryan Gutierrez,Bryan,Gutierrez,True,33.14,19881118,84795039,Bryan_Gutierrez@short-huerta.net
Moon_579bd,Sylvia Moon,Sylvia,Moon,True,18.45,20030725,37974511,Sylvia_Moon@mcintyre.biz
Young_80637,Sharon Young,Sharon,Young,True,29.93,19920204,57220335,Sharon_Young@cordova.biz
Schultz_5fff4,Peter Schultz,Peter,Schultz,True,64.39,19570829,78301895,Peter_Schultz@shah.com
Smith_473c4,Karen Smith MD,Karen,Smith,True,58.7,19630505,91036383,Karen_Smith@washington.com
Burke_ea689,Justin Burke,Justin,Burke,True,25.1,19961202,43401655,Justin_Burke@johnson.com
Erickson_9f253,Karen Erickson,Karen,Erickson,True,43.27,19781004,68245335,Karen_Erickson@roman.org
Ramsey_4c3e8,Sarah Ramsey,Sarah,Ramsey,True,57.57,19640622,63376279,Sarah_Ramsey@hayes.com
Chang_e27c8,Michael Chang,Michael,Chang,True,31.92,19900209,99632783,Michael_Chang@watkins.com
Butler_ba49d,Melvin Butler,Melvin,Butler,True,64.18,19571114,64154343,Melvin_Butler@hardy.org
Hughes_bf91b,Pamela Hughes,Pamela,Hughes,True,65.0,19570116,32117783,Pamela_Hughes@rivas-garza.com
Phillips_6d384,Darius Phillips,Darius,Phillips,True,19.56,20020614,16737247,Darius_Phillips@mercado.biz
Morris_25892,Jimmy Morris,Jimmy,Morris,True,57.99,19640120,31836895,Jimmy_Morris@hall-watkins.com
Miller_61db6,Hailey Miller,Hailey,Miller,True,50.91,19710217,44016239,Hailey_Miller@gay.org
Romero_e5750,Lauren Romero,Lauren,Romero,True,19.7,20020425,50100783,Lauren_Romero@davis.com
Rivera_eee54,Hector Rivera,Hector,Rivera,True,65.35,19560911,23153231,Hector_Rivera@oconnor.info
Jones_2b07e,Adam Jones,Adam,Jones,True,65.03,19570107,83246639,Adam_Jones@kline-reeves.com
Kidd_ad962,Michelle Kidd,Michelle,Kidd,True,71.91,19500222,80511627,Michelle_Kidd@klein-goodman.com
Murphy_5dc4e,Matthew Murphy,Matthew,Murphy,True,61.92,19600216,18189831,Matthew_Murphy@graham.com
Arroyo_a6982,Jessica Arroyo,Jessica,Arroyo,True,19.22,20021019,24971015,Jessica_Arroyo@flores-evans.com
Zuniga_a2d94,Caleb Zuniga,Caleb,Zuniga,True,53.21,19681028,36180711,Caleb_Zuniga@stone.net
Bonilla_5a96a,Scott Bonilla,Scott,Bonilla,True,35.27,19861002,81577447,Scott_Bonilla@jones-holmes.info
Walton_dc147,Kenneth Walton,Kenneth,Walton,True,26.84,19950309,93358011,Kenneth_Walton@anderson.com
Moreno_8048c,Cheyenne Moreno,Cheyenne,Moreno,True,61.35,19600912,61341887,Cheyenne_Moreno@hampton.com
Morris_5eb51,Yolanda Morris,Yolanda,Morris,True,49.93,19720210,99156595,Yolanda_Morris@robles.info
Lopez_93fe3,Courtney Lopez,Courtney,Lopez,True,50.43,19710810,35323391,Courtney_Lopez@sanders.com
Williamson_b834c,Kenneth Williamson,Kenneth,Williamson,True,67.29,19541003,36169599,Kenneth_Williamson@perez.com
Armstrong_e8b45,William Armstrong,William,Armstrong,True,57.16,19641118,25119611,William_Armstrong@richards.net
Browning_1f631,Bruce Browning,Bruce,Browning,True,58.18,19631113,22984503,Bruce_Browning@robertson-baldwin.com
Robertson_1f1d0,Jeremiah Robertson,Jeremiah,Robertson,True,59.26,19621012,38471223,Jeremiah_Robertson@brooks-patrick.info
Gilbert_cba39,Shannon Gilbert,Shannon,Gilbert,True,29.57,19920613,34472903,Shannon_Gilbert@brown-schaefer.com
Brown_cde99,Amanda Brown,Amanda,Brown,True,67.08,19541218,52400391,Amanda_Brown@williams.com
Sanchez_7f481,Joseph Sanchez,Joseph,Sanchez,True,65.35,19560913,90996671,Joseph_Sanchez@martinez-hoffman.biz
Mitchell_31c89,Pedro Mitchell,Pedro,Mitchell,True,60.3,19610927,99595743,Pedro_Mitchell@sims.com
Gomez_010a6,Riley Gomez,Riley,Gomez,True,40.92,19810211,20838807,Riley_Gomez@hoffman.com
Price_e8f96,Shelby Price,Shelby,Price,True,35.43,19860807,74350543,Shelby_Price@fuller.net
Harris_fc222,Scott Harris,Scott,Harris,True,31.07,19901214,36307567,Scott_Harris@mullins.com
Franklin_f8d94,Bonnie Franklin,Bonnie,Franklin,True,33.49,19880714,22008807,Bonnie_Franklin@gillespie.com
Morris_73a97,Ashley Morris,Ashley,Morris,True,19.27,20021001,13085855,Ashley_Morris@marshall.net
Stark_91945,Christopher Stark,Christopher,Stark,True,50.86,19710307,94716219,Christopher_Stark@blackwell.com
Johnson_8fef3,Vanessa Johnson,Vanessa,Johnson,True,61.24,19601019,89236567,Vanessa_Johnson@barber.com
Moody_8d70e,Joe Moody,Joe,Moody,True,22.76,19990405,97781031,Joe_Moody@johnson-watts.biz
Cabrera_1d69f,Robert Cabrera,Robert,Cabrera,True,26.51,19950706,99768879,Robert_Cabrera@kim.org
Jensen_676e2,Jack Jensen,Jack,Jensen,True,61.05,19601229,93571087,Jack_Jensen@kent-williamson.net
Armstrong_f79a4,Daniel Armstrong,Daniel,Armstrong,True,39.5,19820714,18991247,Daniel_Armstrong@brown.com
Donovan_6c619,Susan Donovan,Susan,Donovan,True,52.96,19690130,85222335,Susan_Donovan@jordan-anderson.com
Serrano_1ec7e,Michael Serrano,Michael,Serrano,True,39.5,19820711,12792543,Michael_Serrano@turner-maldonado.com
Powell_4f74d,Michael Powell,Michael,Powell,True,27.12,19941127,63894311,Michael_Powell@mccall.com
Lowe_73be1,Alexander Lowe,Alexander,Lowe,True,60.69,19610508,93074023,Alexander_Lowe@morris.com
Gonzalez_345f8,Sherry Gonzalez,Sherry,Gonzalez,True,48.84,19730314,66744895,Sherry_Gonzalez@caldwell.biz
Brown_e4d2b,David Brown,David,Brown,True,20.29,20010922,69082983,David_Brown@jackson-smith.biz
Vega_91945,Jennifer Vega,Jennifer,Vega,True,50.86,19710307,66551251,Jennifer_Vega@jenkins.net
Glass_a6a8f,Denise Glass,Denise,Glass,True,39.62,19820531,77863943,Denise_Glass@calderon.org
Knight_8ce7c,Billy Knight,Billy,Knight,True,66.98,19550127,49833743,Billy_Knight@thomas.biz
Zimmerman_3bb25,Lori Zimmerman,Lori,Zimmerman,True,23.89,19980217,14572007,Lori_Zimmerman@smith-bradley.biz
Wilson_6845c,Aaron Wilson,Aaron,Wilson,True,34.65,19870517,75053391,Aaron_Wilson@burke-benton.net
Bradford_d831f,Evan Bradford,Evan,Bradford,True,66.21,19551101,28249239,Evan_Bradford@may.biz
Lee_d3d5c,Samuel Lee,Samuel,Lee,True,47.36,19740902,57636831,Samuel_Lee@gardner-rodriguez.net
Jackson_feb2c,Rebekah Jackson,Rebekah,Jackson,True,53.67,19680514,14674871,Rebekah_Jackson@cook.info
Weaver_feb81,Jennifer Weaver,Jennifer,Weaver,True,43.24,19781015,74152151,Jennifer_Weaver@patterson.com
Ortega_17e39,Mr. Timothy Ortega,Timothy,Ortega,True,24.01,19980104,59312963,Timothy_Ortega@ramos.com
Smith_8b9ee,Amber Smith,Amber,Smith,True,53.04,19681229,54476327,Amber_Smith@ho.biz
Hamilton_f2276,Leonard Hamilton,Leonard,Hamilton,True,33.86,19880229,76082775,Leonard_Hamilton@brown.com
Phillips_608c9,Kathy Phillips,Kathy,Phillips,True,37.07,19841216,57829247,Kathy_Phillips@floyd.com
Romero_ae90e,Derek Romero,Derek,Romero,True,54.44,19670806,35013079,Derek_Romero@ramos.org
Simmons_cd946,Danny Simmons,Danny,Simmons,True,58.26,19631013,26313911,Danny_Simmons@morales.com
Hall_ae8e6,Beth Hall,Beth,Hall,True,61.52,19600712,99313667,Beth_Hall@brown.org
Jimenez_5ed59,Jennifer Jimenez,Jennifer,Jimenez,True,29.13,19921121,59592559,Jennifer_Jimenez@morgan.com
Howell_f9406,John Howell,John,Howell,True,62.41,19590821,77275467,John_Howell@sims.biz
Combs_37075,Wesley Combs,Wesley,Combs,True,56.04,19651230,43019751,Wesley_Combs@bright-zimmerman.biz
Lopez_7b621,Penny Lopez,Penny,Lopez,True,67.32,19540925,99596291,Penny_Lopez@young-huang.net
Shields_21876,Charles Shields,Charles,Shields,True,42.77,19790407,54884063,Charles_Shields@oliver.org
Cline_b17cc,Christopher Cline,Christopher,Cline,True,63.88,19580228,21240567,Christopher_Cline@conrad.org
Lawson_c755d,Victoria Lawson,Victoria,Lawson,True,67.12,19541204,24045823,Victoria_Lawson@snyder.com
Cordova_fbd7a,James Cordova,James,Cordova,True,63.37,19580904,94075463,James_Cordova@rodriguez.info
Newman_d7b88,Christopher Newman,Christopher,Newman,True,26.29,19950925,93133527,Christopher_Newman@campbell.info
Martinez_bc0fc,Michael Martinez,Michael,Martinez,True,69.2,19521107,40271975,Michael_Martinez@hogan.net
Bailey_c3f8e,Kelly Bailey,Kelly,Bailey,True,25.89,19960217,43647431,Kelly_Bailey@cherry.info
Lambert_a115b,Gregory Lambert,Gregory,Lambert,True,46.27,19751007,26598607,Gregory_Lambert@williams.org
Sullivan_61495,Samantha Sullivan,Samantha,Sullivan,True,61.73,19600423,64913455,Samantha_Sullivan@cunningham-williams.com
Jones_f903f,Dr. Paul Jones,Paul,Jones,True,27.9,19940215,91301999,Paul_Jones@clark-irwin.com
Tran_40aaa,Danielle Tran,Danielle,Tran,True,33.37,19880826,85246679,Danielle_Tran@mann.com
Freeman_35a3d,Jeff Freeman,Jeff,Freeman,True,18.63,20030520,13590655,Jeff_Freeman@guzman.com
White_8c0aa,Justin White,Justin,White,True,20.46,20010721,34278303,Justin_White@lucas-moore.info
Browning_9332a,Rachel Browning,Rachel,Browning,True,60.25,19611017,19703607,Rachel_Browning@smith.info
Jones_cdd9f,Marissa Jones,Marissa,Jones,True,63.45,19580806,32094119,Marissa_Jones@lewis.net
Roy_57ef7,Elijah Roy,Elijah,Roy,True,34.52,19870705,57159015,Elijah_Roy@jones-baldwin.com
Fernandez_f6199,John Fernandez Jr.,John,Fernandez,True,41.62,19800530,17232207,John_Fernandez@may.org
Simpson_7383f,Courtney Simpson,Courtney,Simpson,True,48.19,19731103,77314887,Courtney_Simpson@preston-cantrell.com
Hopkins_56d12,Kimberly Hopkins,Kimberly,Hopkins,True,28.21,19931022,67364511,Kimberly_Hopkins@adams.com
King_4ae33,William King,William,King,True,37.15,19841115,21561215,William_King@cline-allen.com
Lester_e6d60,Christopher Lester,Christopher,Lester,True,67.79,19540405,79532575,Christopher_Lester@keller.org
Robertson_c09d4,Stephanie Robertson,Stephanie,Robertson,True,19.42,20020805,75259367,Stephanie_Robertson@owen-rodriguez.com
Hill_bd6cc,Rickey Hill,Rickey,Hill,True,57.71,19640430,56465207,Rickey_Hill@parker-cohen.com
Stewart_40f40,Erika Stewart,Erika,Stewart,True,36.04,19851226,83552695,Erika_Stewart@solis.com
Allen_c7f06,Gregory Allen,Gregory,Allen,True,43.97,19780122,48871907,Gregory_Allen@stanley.net
Dean_a395c,Alicia Dean,Alicia,Dean,True,39.49,19820716,32173895,Alicia_Dean@leon.org
Johnson_5dcd5,Christina Johnson,Christina,Johnson,True,20.54,20010622,30262983,Christina_Johnson@clark.com
Boyd_6e920,Valerie Boyd PhD,Valerie,Boyd,True,20.78,20010327,28593615,Valerie_Boyd@marshall-ross.info
Hall_220f8,Jimmy Hall,Jimmy,Hall,True,66.3,19550930,45553567,Jimmy_Hall@spence-knapp.biz
Wells_5c2c0,Kelli Wells,Kelli,Wells,True,67.87,19540308,27406215,Kelli_Wells@jones.com
Murphy_85129,Gary Murphy,Gary,Murphy,True,22.24,19991012,96047135,Gary_Murphy@singleton.info
Archer_c6232,Nathan Archer,Nathan,Archer,True,65.49,19560723,72954367,Nathan_Archer@gray.com
Gibson_af2a9,Andrew Gibson,Andrew,Gibson,True,68.36,19530908,15513119,Andrew_Gibson@yu-richardson.org
Deleon_db554,Ian Deleon,Ian,Deleon,True,35.85,19860307,36389911,Ian_Deleon@mullins-espinoza.org
Kline_6fe75,Michael Kline,Michael,Kline,True,56.56,19650623,20968343,Michael_Kline@phelps-alvarez.com
Merritt_2aa87,Jay Merritt,Jay,Merritt,True,37.23,19841017,46065855,Jay_Merritt@patterson.org
Acosta_c819e,Joseph Acosta,Joseph,Acosta,True,54.75,19670418,44115387,Joseph_Acosta@hansen.biz
Rodriguez_1eec6,Joshua Rodriguez,Joshua,Rodriguez,True,68.84,19530317,27953967,Joshua_Rodriguez@thornton-benitez.com
Rodriguez_a7ea3,James Rodriguez,James,Rodriguez,True,40.49,19810717,50981423,James_Rodriguez@logan.com
Ortega_7f647,Robert Ortega,Robert,Ortega,True,61.84,19600316,57040695,Robert_Ortega@perez.com
Ruiz_e89df,Teresa Ruiz,Teresa,Ruiz,True,70.38,19510904,22432447,Teresa_Ruiz@holmes.com
Mejia_10b0a,Madison Mejia,Madison,Mejia,True,68.82,19530323,73824679,Madison_Mejia@sims.com
Joyce_342d3,Brittany Joyce,Brittany,Joyce,True,61.17,19601114,65804583,Brittany_Joyce@thomas.biz
Bailey_b3b3b,James Bailey,James,Bailey,True,35.26,19861007,26146743,James_Bailey@flynn.net
Perry_e8625,Mary Perry,Mary,Perry,True,48.43,19730808,57879711,Mary_Perry@williams.net
Jones_85733,Crystal Jones,Crystal,Jones,True,59.34,19620914,39588047,Crystal_Jones@webb.com
Brown_9035e,Aaron Brown,Aaron,Brown,True,35.69,19860502,43815191,Aaron_Brown@yates.com
Flynn_5b7fe,Kathleen Flynn,Kathleen,Flynn,True,34.33,19870913,93605471,Kathleen_Flynn@boyd-king.biz
Contreras_91010,Brian Contreras,Brian,Contreras,True,56.52,19650708,89794399,Brian_Contreras@hill.net
Barajas_c09f8,Tanya Barajas,Tanya,Barajas,True,47.71,19740430,92793871,Tanya_Barajas@davis.com
Frost_ddfa1,Ashley Frost,Ashley,Frost,True,69.25,19521020,16473423,Ashley_Frost@brown-hill.com
Rasmussen_0fcc4,Samantha Rasmussen,Samantha,Rasmussen,True,27.55,19940621,26634223,Samantha_Rasmussen@stokes-leon.com
Weber_b3165,Erica Weber,Erica,Weber,True,28.42,19930809,20074939,Erica_Weber@harris-fox.com
Campbell_fe47b,Amanda Campbell,Amanda,Campbell,True,40.8,19810324,21954431,Amanda_Campbell@parker.com
Miranda_c4610,Dawn Miranda,Dawn,Miranda,True,66.32,19550922,59274615,Dawn_Miranda@werner.info
Martin_92713,Vincent Martin,Vincent,Martin,True,37.96,19840124,55457087,Vincent_Martin@wright-lee.com
Crawford_a2a35,Tony Crawford,Tony,Crawford,True,34.4,19870818,15997263,Tony_Crawford@moore.com
Sullivan_7d828,Randy Sullivan,Randy,Sullivan,True,60.23,19611025,15665967,Randy_Sullivan@perez.net
Pruitt_93ad0,Erica Pruitt,Erica,Pruitt,True,41.3,19800923,31838831,Erica_Pruitt@ross-lamb.biz
Thompson_77cc8,Kimberly Thompson,Kimberly,Thompson,True,21.07,20001211,88531623,Kimberly_Thompson@brewer-walters.net
Hopkins_cfbfa,William Hopkins,William,Hopkins,True,21.01,20010104,12277875,William_Hopkins@snyder.com
Compton_395a9,Martin Compton,Martin,Compton,True,37.61,19840602,42037887,Martin_Compton@morgan.com
Gibson_3c4f9,Hayley Gibson,Hayley,Gibson,True,22.41,19990812,50365367,Hayley_Gibson@calderon.info
Gross_9a287,Anthony Gross,Anthony,Gross,True,55.73,19660423,92193723,Anthony_Gross@pratt.com
Cortez_2aba0,Kenneth Cortez,Kenneth,Cortez,True,21.64,20000518,39338615,Kenneth_Cortez@lewis.biz
Brown_8baf8,Tracy Brown,Tracy,Brown,True,49.39,19720823,26044711,Tracy_Brown@joyce.com
Jones_4d770,Joshua Jones,Joshua,Jones,True,40.31,19810920,30317003,Joshua_Jones@hanson.biz
Turner_f9621,Brenda Turner,Brenda,Turner,True,66.48,19550726,94128415,Brenda_Turner@hampton.org
Stanley_a95cd,James Stanley,James,Stanley,True,20.25,20011008,51351887,James_Stanley@beltran.com
Brown_743de,Matthew Brown,Matthew,Brown,True,49.61,19720606,21970879,Matthew_Brown@owens.org
Jenkins_e5537,Norma Jenkins,Norma,Jenkins,True,64.82,19570323,78071863,Norma_Jenkins@larson.com
Greene_ff18a,Christopher Greene,Christopher,Greene,True,34.02,19880101,82039695,Christopher_Greene@berry.org
Preston_d0922,Leslie Preston,Leslie,Preston,True,49.68,19720510,71892959,Leslie_Preston@johns.com
Valdez_ddc44,Crystal Valdez,Crystal,Valdez,True,18.43,20030802,65598575,Crystal_Valdez@stewart-randolph.com
Parker_311d6,Jay Parker,Jay,Parker,True,28.27,19930930,57583783,Jay_Parker@fowler.net
Williams_44d67,Lance Williams,Lance,Williams,True,48.44,19730807,19310567,Lance_Williams@williams.net
Taylor_10cf5,Carl Taylor,Carl,Taylor,True,47.0,19750112,27075015,Carl_Taylor@melendez.com
Peterson_b235a,Christian Peterson,Christian,Peterson,True,45.89,19760222,41536527,Christian_Peterson@arnold.biz
Dean_33bcc,Brenda Dean,Brenda,Dean,True,52.91,19690215,55037019,Brenda_Dean@allison-hill.com
Allen_b02ca,Kathleen Allen,Kathleen,Allen,True,35.99,19860113,38829559,Kathleen_Allen@cook.com
Olsen_98e22,Patricia Olsen,Patricia,Olsen,True,23.12,19981124,70673187,Patricia_Olsen@haynes-blankenship.com
Lamb_5dc6d,Marie Lamb,Marie,Lamb,True,42.76,19790410,26841263,Marie_Lamb@hampton.com
Flores_a43fb,Nathan Flores,Nathan,Flores,True,42.76,19790409,86883135,Nathan_Flores@gibbs.net
Gonzalez_a73bb,Brandon Gonzalez,Brandon,Gonzalez,True,59.96,19620131,80247655,Brandon_Gonzalez@moore.info
Reed_d45f4,Chase Reed,Chase,Reed,True,63.41,19580821,58795239,Chase_Reed@robbins.info
Nichols_5f34b,Timothy Nichols,Timothy,Nichols,True,53.62,19680601,76207631,Timothy_Nichols@smith.biz
Caldwell_aa013,Ashley Caldwell,Ashley,Caldwell,True,33.35,19880903,13420663,Ashley_Caldwell@mason-bryant.com
Frank_97c93,David Frank,David,Frank,True,53.3,19680928,31192639,David_Frank@reyes-thomas.com
Dunn_e5398,William Dunn,William,Dunn,True,65.04,19570101,57063847,William_Dunn@wilkins.info
James_0b802,Jon James,Jon,James,True,46.98,19750120,53852103,Jon_James@owens.biz
Boyle_b1a10,Heather Boyle,Heather,Boyle,True,18.85,20030301,91679575,Heather_Boyle@lopez.com
Brewer_a5019,Lindsay Brewer,Lindsay,Brewer,True,68.42,19530818,38137071,Lindsay_Brewer@brown-stewart.info
Martin_caab2,Renee Martin,Renee,Martin,True,40.73,19810421,55803823,Renee_Martin@crawford-walker.com
Warren_f5e11,Shelly Warren,Shelly,Warren,True,65.43,19560812,11973823,Shelly_Warren@patterson-knight.info
Parker_0793e,Keith Parker,Keith,Parker,True,57.39,19640826,40120471,Keith_Parker@moore.com
Turner_cf891,Thomas Turner,Thomas,Turner,True,48.63,19730528,12514951,Thomas_Turner@boyer-santos.info
Blake_ed155,Ernest Blake,Ernest,Blake,True,22.55,19990621,27155511,Ernest_Blake@long.com
Pearson_19b26,Edward Pearson,Edward,Pearson,True,33.87,19880227,49439343,Edward_Pearson@hester-richardson.info
Levy_bef91,Melissa Levy,Melissa,Levy,True,71.81,19500330,51842935,Melissa_Levy@arroyo.com
Powell_fe4b6,Brandon Powell,Brandon,Powell,True,45.6,19760606,43375815,Brandon_Powell@craig-gonzales.net
Alvarez_579c3,Vanessa Alvarez,Vanessa,Alvarez,True,21.28,20000924,42263183,Vanessa_Alvarez@allen.org
Holloway_485d0,Lisa Holloway MD,Lisa,Holloway,True,50.03,19720102,73751431,Lisa_Holloway@brown.com
Stone_1d9aa,Kimberly Stone,Kimberly,Stone,True,27.66,19940512,25323999,Kimberly_Stone@murphy-bryant.com
Jones_575ba,Adam Jones,Adam,Jones,True,48.83,19730316,55082935,Adam_Jones@ashley.com
Smith_1c856,Michael Smith,Michael,Smith,True,53.73,19680424,13638487,Michael_Smith@mccarthy-hayes.info
Tucker_0eb60,Richard Tucker,Richard,Tucker,True,50.56,19710625,53838335,Richard_Tucker@murphy.com
Andersen_61066,Elizabeth Andersen,Elizabeth,Andersen,True,47.97,19740123,69096535,Elizabeth_Andersen@baker.com
Thompson_30052,Monique Thompson,Monique,Thompson,True,25.48,19960715,69671135,Monique_Thompson@davis.biz
Lutz_3427f,Destiny Lutz,Destiny,Lutz,True,27.74,19940412,87853607,Destiny_Lutz@thompson-wright.com
Allen_54dd1,Brandy Allen,Brandy,Allen,True,40.99,19810113,92130799,Brandy_Allen@hardy-griffin.com
Decker_0c2ca,Stephanie Decker,Stephanie,Decker,True,44.35,19770905,92626639,Stephanie_Decker@barrett.net
Keller_80065,Michelle Keller,Michelle,Keller,True,70.62,19510607,56139711,Michelle_Keller@johnson.com
Haynes_ac7ab,Loretta Haynes,Loretta,Haynes,True,32.07,19891215,73871583,Loretta_Haynes@stewart.info
Yates_0613f,Stacey Yates,Stacey,Yates,True,29.08,19921208,30115967,Stacey_Yates@lewis.com
Lee_f9df7,Sue Lee,Sue,Lee,True,35.37,19860829,97367575,Sue_Lee@rojas.com
Long_850ab,Anna Long,Anna,Long,True,47.83,19740316,52566967,Anna_Long@coleman.com
Watson_6dc0c,Annette Watson,Annette,Watson,True,63.74,19580423,67851175,Annette_Watson@brown-brennan.com
Perez_6ff11,Robert Perez,Robert,Perez,True,52.63,19690528,38876643,Robert_Perez@anderson-shaw.net
Leon_02485,Beverly Leon,Beverly,Leon,True,28.17,19931108,50638447,Beverly_Leon@vance.info
Thomas_6cc50,James Thomas,James,Thomas,True,69.7,19520509,58718239,James_Thomas@torres.net
Olson_50aa7,Kelli Olson,Kelli,Olson,True,25.46,19960723,50265023,Kelli_Olson@campbell.net
Hughes_c8092,Nicholas Hughes,Nicholas,Hughes,True,59.78,19620408,27277679,Nicholas_Hughes@reed-wilson.org
Lowery_c4680,Wesley Lowery,Wesley,Lowery,True,23.55,19980620,33838415,Wesley_Lowery@suarez.biz
Reid_1bdd4,Becky Reid,Becky,Reid,True,46.21,19751027,37025287,Becky_Reid@vargas.net
Mitchell_14c43,Corey Mitchell,Corey,Mitchell,True,65.88,19560302,65463735,Corey_Mitchell@turner-thompson.org
Shaw_afe1c,Wesley Shaw,Wesley,Shaw,True,38.97,19830121,76819471,Wesley_Shaw@henderson-gibson.com
Boyd_94bd7,Pamela Boyd,Pamela,Boyd,True,53.55,19680628,25030751,Pamela_Boyd@freeman.com
Lewis_644d9,Jeremy Lewis,Jeremy,Lewis,True,69.03,19530107,44159519,Jeremy_Lewis@murray.com
Garza_be6d1,Jennifer Garza,Jennifer,Garza,True,32.6,19890603,31999455,Jennifer_Garza@herrera-klein.com
Wilson_0ce7d,Larry Wilson,Larry,Wilson,True,54.9,19670221,56158527,Larry_Wilson@perry.com
Thompson_9e058,Joshua Thompson,Joshua,Thompson,True,37.36,19840830,98999803,Joshua_Thompson@morrow.com
Chen_1d003,Chelsea Chen,Chelsea,Chen,True,34.77,19870405,63416567,Chelsea_Chen@coleman-haney.biz
Williams_874b3,Dennis Williams,Dennis,Williams,True,55.19,19661107,93993079,Dennis_Williams@rivas.com
Morton_e4bde,Karen Morton,Karen,Morton,True,30.75,19910410,36838791,Karen_Morton@romero.com
Fitzpatrick_c8092,Melinda Fitzpatrick,Melinda,Fitzpatrick,True,59.78,19620408,32113511,Melinda_Fitzpatrick@davis.info
Perry_b530f,Joseph Perry,Joseph,Perry,True,70.59,19510616,16254071,Joseph_Perry@tucker.com
Moore_870e3,Victoria Moore,Victoria,Moore,True,29.98,19920116,63232827,Victoria_Moore@ramirez.biz
Herman_0ab62,Heather Herman,Heather,Herman,True,50.61,19710606,97877423,Heather_Herman@williams-lindsey.com
Johnson_76064,Travis Johnson,Travis,Johnson,True,25.42,19960805,56146735,Travis_Johnson@miller-rivera.org
Lopez_ea347,Laura Lopez,Laura,Lopez,True,31.05,19901221,72627367,Laura_Lopez@rodriguez.com
Webb_5b693,Joel Webb,Joel,Webb,True,32.25,19891009,37839071,Joel_Webb@solis-swanson.com
Malone_73ad1,Donna Malone,Donna,Malone,True,69.28,19521007,89038207,Donna_Malone@brown.com
Wilson_28099,Mr. Jeff Wilson,Jeff,Wilson,True,71.12,19501207,20197287,Jeff_Wilson@booker.biz
Barnes_f462c,Reginald Barnes,Reginald,Barnes,True,48.91,19730214,19884399,Reginald_Barnes@walker-robinson.com
Brown_1ccca,Kayla Brown,Kayla,Brown,True,32.23,19891018,54681543,Kayla_Brown@pierce.info
House_3cb13,Brett House,Brett,House,True,37.12,19841126,98114087,Brett_House@rose-clarke.com
Weaver_201e1,Robert Weaver,Robert,Weaver,True,39.9,19820218,39131199,Robert_Weaver@young-leonard.com
Martinez_204f4,Beth Martinez,Beth,Martinez,True,53.05,19681225,87909191,Beth_Martinez@johnson.com
Small_09b68,Nicole Small,Nicole,Small,True,64.76,19570414,82553335,Nicole_Small@nolan-randall.com
Cline_d04f7,Anthony Cline,Anthony,Cline,True,32.96,19890125,64231171,Anthony_Cline@rivera-collier.net
Ware_0b5e6,Spencer Ware,Spencer,Ware,True,41.26,19801009,74599951,Spencer_Ware@montgomery-lane.com
Erickson_3df9d,Willie Erickson,Willie,Erickson,True,31.0,19910110,53673855,Willie_Erickson@bartlett.com
Howard_a8620,Robert Howard,Robert,Howard,True,54.5,19670717,80566095,Robert_Howard@kim.info
Smith_9fa58,Katherine Smith,Katherine,Smith,True,18.19,20031029,44340415,Katherine_Smith@bean-king.org
Garrison_6662e,Mariah Garrison,Mariah,Garrison,True,24.06,19971215,31527511,Mariah_Garrison@hogan.biz
Nguyen_6a5e7,Daniel Nguyen,Daniel,Nguyen,True,62.37,19590903,37673823,Daniel_Nguyen@mccall.com
Brown_1d91b,Tiffany Brown,Tiffany,Brown,True,18.88,20030217,27755951,Tiffany_Brown@stout-thompson.com
Brown_5a1c6,Daniel Brown,Daniel,Brown,True,56.88,19650228,38844959,Daniel_Brown@williams-schneider.biz
Sandoval_7afaf,Madeline Sandoval,Madeline,Sandoval,True,34.93,19870204,32032871,Madeline_Sandoval@schultz-duncan.biz
Dickerson_1afe6,Robert Dickerson,Robert,Dickerson,True,64.48,19570725,43682807,Robert_Dickerson@howard.biz
Martinez_7564a,Leonard Martinez,Leonard,Martinez,True,65.32,19560922,14452319,Leonard_Martinez@mcbride.com
Higgins_d6968,Jamie Higgins,Jamie,Higgins,True,60.26,19611014,27639911,Jamie_Higgins@francis.org
Forbes_60d80,Thomas Forbes,Thomas,Forbes,True,62.24,19591023,25036935,Thomas_Forbes@beck.com
Stephens_5a6e3,Robert Stephens,Robert,Stephens,True,21.55,20000619,92784815,Robert_Stephens@lopez.com
Mayo_d6f2e,Kevin Mayo,Kevin,Mayo,True,45.21,19761029,76234311,Kevin_Mayo@pope-jones.com
Evans_bc26e,Jennifer Evans,Jennifer,Evans,True,48.87,19730302,72801079,Jennifer_Evans@gonzalez.org
Chen_7d3b1,Daniel Chen,Daniel,Chen,True,69.51,19520716,46750383,Daniel_Chen@little.com
Dalton_32ce4,Samuel Dalton,Samuel,Dalton,True,25.31,19960916,75194711,Samuel_Dalton@marquez.com
Gallagher_35232,Rebecca Gallagher MD,Rebecca,Gallagher,True,54.33,19670916,48595111,Rebecca_Gallagher@miller-carter.org
Bennett_dcbc8,Heather Bennett,Heather,Bennett,True,20.0,20020105,64795847,Heather_Bennett@hamilton-blair.com
King_89592,Joshua King,Joshua,King,True,22.0,20000106,99342223,Joshua_King@hale.net
Flores_3b7a4,Jasmine Flores,Jasmine,Flores,True,65.29,19561004,21325447,Jasmine_Flores@collins.info
Moyer_839f3,Randy Moyer,Randy,Moyer,True,18.56,20030617,32958939,Randy_Moyer@jennings-brown.com
Blake_e7660,Crystal Blake,Crystal,Blake,True,51.16,19701117,97878511,Crystal_Blake@parker.com
Morales_9779b,Beth Morales,Beth,Morales,True,35.62,19860530,22507695,Beth_Morales@leon-mayer.info
Combs_2d19f,Heather Combs,Heather,Combs,True,62.72,19590428,18518647,Heather_Combs@powell.com
Wilson_f5df7,Joseph Wilson,Joseph,Wilson,True,32.08,19891210,36511255,Joseph_Wilson@rogers.biz
Evans_62a52,Amanda Evans,Amanda,Evans,True,62.9,19590224,92559519,Amanda_Evans@cox.com
Valenzuela_0342c,Trevor Valenzuela,Trevor,Valenzuela,True,30.33,19910911,67310711,Trevor_Valenzuela@cline-espinoza.info
Day_69b70,Sergio Day,Sergio,Day,True,70.64,19510531,27091295,Sergio_Day@guzman-garrett.com
Boyd_9e514,Julie Boyd,Julie,Boyd,True,52.36,19690906,47949079,Julie_Boyd@white-george.com
Barnes_bc727,Tara Barnes,Tara,Barnes,True,67.47,19540801,42232079,Tara_Barnes@shepherd.com
Watkins_c9964,Logan Watkins,Logan,Watkins,True,21.66,20000511,87081215,Logan_Watkins@hernandez.com
Ortiz_c84c2,Steven Ortiz,Steven,Ortiz,True,54.61,19670605,15073183,Steven_Ortiz@hamilton.com
Marquez_7aa36,Lisa Marquez,Lisa,Marquez,True,50.81,19710326,18443671,Lisa_Marquez@day-smith.com
Hughes_0c3d2,Sergio Hughes,Sergio,Hughes,True,40.84,19810309,86954943,Sergio_Hughes@cardenas.com
Rojas_1f285,Destiny Rojas,Destiny,Rojas,True,35.97,19860121,27351983,Destiny_Rojas@stanton.com
Lewis_07faf,Danny Lewis,Danny,Lewis,True,69.07,19521225,41036747,Danny_Lewis@turner.com
Martin_82381,Jennifer Martin,Jennifer,Martin,True,38.63,19830527,83212175,Jennifer_Martin@moore.com
Chandler_4ab75,Arthur Chandler,Arthur,Chandler,True,60.93,19610210,18438007,Arthur_Chandler@martin.com
Crosby_9b4b3,Cheryl Crosby,Cheryl,Crosby,True,63.3,19580930,54032091,Cheryl_Crosby@bowman-potter.com
Hudson_01af1,Ronald Hudson,Ronald,Hudson,True,70.3,19511003,66192423,Ronald_Hudson@carson.com
Wolf_911ec,Derek Wolf,Derek,Wolf,True,18.55,20030618,63113543,Derek_Wolf@hill.biz
Lee_d7999,Jennifer Lee,Jennifer,Lee,True,72.04,19500104,35305031,Jennifer_Lee@guerra-lopez.com
Yoder_70108,Gregory Yoder,Gregory,Yoder,True,68.58,19530620,75705319,Gregory_Yoder@robinson-johnson.com
Harmon_69598,Carolyn Harmon,Carolyn,Harmon,True,23.95,19980124,55977599,Carolyn_Harmon@watts-horn.com
Harrell_7257b,Dr. Christopher Harrell,Christopher,Harrell,True,51.54,19700630,52999479,Christopher_Harrell@lindsey.com
Johnson_a67f3,Kevin Johnson,Kevin,Johnson,True,28.44,19930802,15154639,Kevin_Johnson@rogers.com
Harrison_087c8,Michael Harrison,Michael,Harrison,True,70.42,19510819,29087871,Michael_Harrison@franklin.com
Montoya_b67c7,Megan Montoya,Megan,Montoya,True,43.35,19780907,29894903,Megan_Montoya@perez-rice.org
George_60252,Samantha George,Samantha,George,True,32.78,19890331,58989271,Samantha_George@golden.info
Moore_c62aa,Terry Moore,Terry,Moore,True,34.57,19870615,19828167,Terry_Moore@barker-ayers.com
Rogers_656af,James Rogers,James,Rogers,True,28.52,19930704,65821255,James_Rogers@green.net
Tran_b0eca,Kathleen Tran,Kathleen,Tran,True,47.92,19740211,20044927,Kathleen_Tran@wilson.net
Martinez_223e6,Bryan Martinez,Bryan,Martinez,True,60.78,19610406,45478631,Bryan_Martinez@bennett-mitchell.info
Conway_ae427,Jacqueline Conway,Jacqueline,Conway,True,50.58,19710617,91842383,Jacqueline_Conway@robinson-carson.com
Clark_35061,Chad Clark,Chad,Clark,True,60.33,19610919,54277383,Chad_Clark@hodges.com
Cole_92aa4,Maxwell Cole,Maxwell,Cole,True,70.96,19510203,41796463,Maxwell_Cole@larson.com
Williamson_2b72a,Bethany Williamson,Bethany,Williamson,True,67.86,19540310,40227935,Bethany_Williamson@flores.com
Wright_f1b73,Joseph Wright,Joseph,Wright,True,64.66,19570521,40768583,Joseph_Wright@powell.net
Rogers_3818b,Thomas Rogers,Thomas,Rogers,True,24.39,19970819,36072875,Thomas_Rogers@banks-perkins.net
Lewis_11948,Jenny Lewis,Jenny,Lewis,True,24.51,19970706,62475987,Jenny_Lewis@flores.com
Bolton_06e0a,Heidi Bolton,Heidi,Bolton,True,65.59,19560616,58079023,Heidi_Bolton@spencer.com
Lewis_e0082,Daniel Lewis,Daniel,Lewis,True,44.93,19770205,48084439,Daniel_Lewis@robertson.com
Ramirez_63293,Dale Ramirez,Dale,Ramirez,True,66.82,19550323,59875791,Dale_Ramirez@patton.com
Sharp_7f0b3,Carol Sharp,Carol,Sharp,True,46.84,19750312,18014567,Carol_Sharp@garcia-lamb.com
Buck_542b9,Joseph Buck,Joseph,Buck,True,69.86,19520311,34270063,Joseph_Buck@jacobs.com
Anderson_542fb,Lynn Anderson,Lynn,Anderson,True,25.99,19960113,75488911,Lynn_Anderson@williams-carter.com
Gallagher_490a6,Andrew Gallagher,Andrew,Gallagher,True,61.32,19600921,19919923,Andrew_Gallagher@frank.org
Frost_83e31,James Frost,James,Frost,True,65.82,19560322,30684495,James_Frost@graves.biz
Graham_bd397,Emily Graham,Emily,Graham,True,47.2,19741102,40238535,Emily_Graham@santos-rivera.biz
Andrews_bbb39,Emily Andrews,Emily,Andrews,True,66.73,19550427,20594859,Emily_Andrews@reyes-singh.com
Harris_526ca,Sarah Harris,Sarah,Harris,True,20.61,20010530,52442775,Sarah_Harris@thomas-sanchez.com
Wood_e9467,Tina Wood,Tina,Wood,True,22.37,19990824,51264359,Tina_Wood@schultz.org
Owens_620f1,Victor Owens,Victor,Owens,True,25.4,19960815,53064383,Victor_Owens@collins.com
Koch_43971,Kimberly Koch,Kimberly,Koch,True,34.96,19870125,35893839,Kimberly_Koch@rodriguez.net
Obrien_00e34,Allison Obrien,Allison,Obrien,True,59.73,19620423,81154631,Allison_Obrien@bailey-sanders.com
Rogers_160f6,John Rogers,John,Rogers,True,50.36,19710905,21046575,John_Rogers@oneill.com
Bailey_13f67,Laura Bailey,Laura,Bailey,True,51.43,19700811,56551543,Laura_Bailey@snyder.com
Collins_120bd,Janet Collins,Janet,Collins,True,37.47,19840721,89424095,Janet_Collins@farrell.com
White_fae51,Kathy White,Kathy,White,True,21.56,20000615,91622367,Kathy_White@wang.info
Brown_2e40b,Trevor Brown,Trevor,Brown,True,52.21,19691030,45715591,Trevor_Brown@stokes.info
Murphy_b47e0,Brandon Murphy,Brandon,Murphy,True,66.78,19550409,33155895,Brandon_Murphy@luna.info
Ward_a0e70,Paul Ward,Paul,Ward,True,66.36,19550908,19119523,Paul_Ward@sanchez-larsen.org
Lawson_cbf97,Kristin Lawson,Kristin,Lawson,True,46.01,19760111,36661711,Kristin_Lawson@salinas.com
Castaneda_7660a,James Castaneda,James,Castaneda,True,57.97,19640126,64715807,James_Castaneda@miller-hart.com
Middleton_02dfc,Michael Middleton,Michael,Middleton,True,40.44,19810804,85114431,Michael_Middleton@williams-zamora.com
Ortiz_66abd,Robert Ortiz,Robert,Ortiz,True,45.18,19761108,80296223,Robert_Ortiz@saunders-hunter.com
Meyer_cf219,Doris Meyer,Doris,Meyer,True,49.36,19720902,22782935,Doris_Meyer@sullivan.org
Harper_709ac,Connie Harper,Connie,Harper,True,26.53,19950627,21369119,Connie_Harper@lewis.com
Parker_2b641,Tyler Parker,Tyler,Parker,True,67.13,19541202,29910975,Tyler_Parker@sheppard.org
Burns_f2b3a,Debbie Burns,Debbie,Burns,True,38.43,19830806,95570935,Debbie_Burns@salinas.com
Morales_d8cee,Kyle Morales,Kyle,Morales,True,22.15,19991113,32120287,Kyle_Morales@perry.info
Preston_b6298,Gabriel Preston,Gabriel,Preston,True,25.13,19961120,88336263,Gabriel_Preston@black.com
Sullivan_40445,Megan Sullivan,Megan,Sullivan,True,66.9,19550223,31498887,Megan_Sullivan@miller-ryan.org
Hodges_0c95a,Steven Hodges,Steven,Hodges,True,70.38,19510903,65795715,Steven_Hodges@sanchez-phillips.com
Orozco_02d2b,Brandon Orozco,Brandon,Orozco,True,34.48,19870717,59988495,Brandon_Orozco@greene.com
Nguyen_6f546,Kari Nguyen,Kari,Nguyen,True,22.13,19991119,47980591,Kari_Nguyen@farley.com
Ellis_544ce,Mr. Joshua Ellis Jr.,Joshua,Ellis,True,25.87,19960226,26531367,Joshua_Ellis@gonzalez.biz
Vega_98495,Briana Vega,Briana,Vega,True,56.38,19650828,45994079,Briana_Vega@potter-gomez.biz
Hill_2c87a,Brittany Hill,Brittany,Hill,True,34.6,19870605,90817791,Brittany_Hill@rogers-hoffman.com
Martinez_a7c33,Carrie Martinez,Carrie,Martinez,True,47.97,19740124,96107743,Carrie_Martinez@hendrix.com
Hill_e24f9,Jeffery Hill,Jeffery,Hill,True,62.07,19591223,26071551,Jeffery_Hill@cook-lloyd.com
Clark_0bb22,Jessica Clark,Jessica,Clark,True,39.07,19821217,56001455,Jessica_Clark@livingston.biz
White_e9960,Linda White,Linda,White,True,46.25,19751015,84876711,Linda_White@moore.com
Spencer_c21d7,Jake Spencer,Jake,Spencer,True,19.66,20020509,53533879,Jake_Spencer@murphy.com
Chan_f9d1e,Joseph Chan,Joseph,Chan,True,55.32,19660922,19544079,Joseph_Chan@hutchinson-gutierrez.com
Dominguez_40133,Sara Dominguez,Sara,Dominguez,True,35.89,19860220,69114407,Sara_Dominguez@delgado.com
Short_9127e,Gabriel Short,Gabriel,Short,True,35.36,19860901,93491919,Gabriel_Short@fitzgerald-atkinson.org
Ali_a2746,Kathleen Ali,Kathleen,Ali,True,25.6,19960602,45338687,Kathleen_Ali@horn-rogers.com
Stephens_baaae,Danielle Stephens,Danielle,Stephens,True,60.3,19610929,16838823,Danielle_Stephens@miller.net
Ellis_7b029,Steve Ellis,Steve,Ellis,True,56.09,19651213,55567535,Steve_Ellis@barton.info
Rios_86530,Mrs. Sarah Rios,Sarah,Rios,True,52.06,19691223,77288975,Sarah_Rios@winters.org
Wolf_dbc29,Ann Wolf,Ann,Wolf,True,41.16,19801112,26916187,Ann_Wolf@wilkins.com
Schaefer_ac7f3,Brianna Schaefer,Brianna,Schaefer,True,45.11,19761203,34700887,Brianna_Schaefer@nelson-mcmahon.com
Lane_41295,Gwendolyn Lane,Gwendolyn,Lane,True,66.31,19550928,82893815,Gwendolyn_Lane@higgins.biz
Morris_9ba0c,Angela Morris,Angela,Morris,True,45.53,19760702,89409391,Angela_Morris@murray.com
Smith_9e4e9,Christopher Smith,Christopher,Smith,True,49.96,19720128,45772799,Christopher_Smith@martinez-bradley.biz
Jones_f0e85,Victoria Jones,Victoria,Jones,True,40.84,19810310,60715727,Victoria_Jones@camacho.org
West_19736,Andre West,Andre,West,True,64.17,19571117,11479343,Andre_West@herrera-rowe.biz
Kelley_f3101,Cristian Kelley,Cristian,Kelley,True,71.03,19510108,22272647,Cristian_Kelley@taylor-colon.net
Turner_a2281,Jeffrey Turner,Jeffrey,Turner,True,38.0,19840112,30152387,Jeffrey_Turner@robinson.com
Perry_1c3c6,Jesse Perry,Jesse,Perry,True,52.25,19691013,45471479,Jesse_Perry@marsh.net
Cruz_7bf56,Ricardo Cruz,Ricardo,Cruz,True,43.93,19780205,83436279,Ricardo_Cruz@salazar-manning.com
Smith_69b70,Jessica Smith,Jessica,Smith,True,70.64,19510531,97984639,Jessica_Smith@walsh-steele.com
Hall_8de8e,Michael Hall,Michael,Hall,True,64.59,19570616,41115111,Michael_Hall@johnson.biz
Villarreal_ea2af,Marcus Villarreal,Marcus,Villarreal,True,65.05,19561228,25199927,Marcus_Villarreal@parsons-rogers.info
Long_f0fca,Brenda Long,Brenda,Long,True,70.35,19510914,45992583,Brenda_Long@carter.net
Taylor_757b6,Megan Taylor,Megan,Taylor,True,28.67,19930510,12610975,Megan_Taylor@montgomery.com
Morales_3cabc,Kelly Morales,Kelly,Morales,True,41.87,19800227,44799815,Kelly_Morales@sanchez.com
Johnson_5c594,Sheri Johnson,Sheri,Johnson,True,33.72,19880422,34118127,Sheri_Johnson@lucas.com
Riley_04574,Melissa Riley,Melissa,Riley,True,56.41,19650818,23879991,Melissa_Riley@murray.biz
Brown_6f7bf,Joshua Brown,Joshua,Brown,True,59.1,19621212,90875247,Joshua_Brown@smith.biz
Pacheco_7ccf5,Lori Pacheco,Lori,Pacheco,True,59.55,19620630,94662495,Lori_Pacheco@ayala.com
Schmidt_be25c,Sandra Schmidt,Sandra,Schmidt,True,62.52,19590711,50638143,Sandra_Schmidt@herrera.com
Hill_2b641,Ms. Rachel Hill,Rachel,Hill,True,67.13,19541202,55824367,Rachel_Hill@gutierrez.com
Clark_47c72,George Clark,George,Clark,True,56.56,19650625,92490103,George_Clark@hardin.biz
Case_1fe51,Emily Case,Emily,Case,True,36.68,19850508,90216215,Emily_Case@lewis.com
Alvarez_af321,Seth Alvarez,Seth,Alvarez,True,42.01,19800108,90929927,Seth_Alvarez@conrad.com
Reyes_0a636,Jose Reyes,Jose,Reyes,True,51.29,19700929,94563263,Jose_Reyes@garcia.com
Russo_0a99e,Corey Russo,Corey,Russo,True,65.72,19560501,61159511,Corey_Russo@ramirez-williams.org
Le_44e84,Zachary Le,Zachary,Le,True,36.2,19851028,56441999,Zachary_Le@whitaker.com
Anthony_91ec3,Rhonda Anthony,Rhonda,Anthony,True,47.33,19740915,12850551,Rhonda_Anthony@lawson.com
Hill_0d4d9,Joseph Hill,Joseph,Hill,True,19.29,20020923,89902687,Joseph_Hill@rodriguez-newton.com
Davis_dbcb2,Erin Davis,Erin,Davis,True,61.33,19600917,22992863,Erin_Davis@sanchez.net
Brown_1ebf8,Lucas Brown,Lucas,Brown,True,32.19,19891101,34675679,Lucas_Brown@miller.com
Garcia_72e9b,William Garcia,William,Garcia,True,36.33,19850912,25729991,William_Garcia@powell.com
Mills_02d28,Anthony Mills,Anthony,Mills,True,38.27,19831003,16676751,Anthony_Mills@chang.org
Swanson_b3ea5,Lauren Swanson,Lauren,Swanson,True,60.32,19610921,85204407,Lauren_Swanson@pena-pierce.com
Frank_4dfb9,John Frank,John,Frank,True,71.67,19500519,42691023,John_Frank@martin.com
Perry_d9da1,Tony Perry,Tony,Perry,True,48.34,19730910,11231827,Tony_Perry@lewis-holland.com
Schmidt_54bf2,Nicole Schmidt,Nicole,Schmidt,True,56.18,19651109,86157423,Nicole_Schmidt@stephens.com
Gray_15cd6,Nathan Gray,Nathan,Gray,True,25.56,19960618,48983767,Nathan_Gray@scott-gonzalez.com
Chapman_02c5b,Julia Chapman,Julia,Chapman,True,42.03,19800101,88719991,Julia_Chapman@davis-lee.info
Delgado_f68ba,Nichole Delgado,Nichole,Delgado,True,49.86,19720305,60338223,Nichole_Delgado@dixon-cruz.com
Ford_36701,Raven Ford,Raven,Ford,True,25.9,19960213,13519207,Raven_Ford@mcdowell.com
Hunter_d0fea,Kelly Hunter,Kelly,Hunter,True,34.68,19870507,46516271,Kelly_Hunter@fuller.info
Hawkins_43c48,Jessica Hawkins,Jessica,Hawkins,True,50.06,19711224,98100079,Jessica_Hawkins@cooper-hall.org
Rodriguez_3a35b,Marcus Rodriguez,Marcus,Rodriguez,True,52.68,19690511,23424599,Marcus_Rodriguez@jones.com
Reed_616fa,Sarah Reed,Sarah,Reed,True,25.5,19960709,26466911,Sarah_Reed@lane.biz
Grimes_2efc5,Daniel Grimes,Daniel,Grimes,True,39.13,19821126,61518103,Daniel_Grimes@keith.com
Solomon_23bae,Samuel Solomon,Samuel,Solomon,True,34.03,19871230,26166751,Samuel_Solomon@wolf.net
Miller_5c2c0,Katrina Miller,Katrina,Miller,True,67.87,19540308,81240247,Katrina_Miller@grimes.com
Conner_71970,Raymond Conner,Raymond,Conner,True,24.94,19970128,95736583,Raymond_Conner@oneal-johnson.com
Garcia_14ae7,Cory Garcia,Cory,Garcia,True,66.96,19550202,86555943,Cory_Garcia@evans-benson.com
Fuller_9068b,Lori Fuller,Lori,Fuller,True,54.04,19680101,54288255,Lori_Fuller@gordon.com
Wilson_da57e,Corey Wilson,Corey,Wilson,True,68.27,19531011,39467535,Corey_Wilson@hoover-hernandez.com
Dominguez_db12a,Denise Dominguez,Denise,Dominguez,True,55.55,19660628,28235547,Denise_Dominguez@long.com
James_e7a3a,Holly James,Holly,James,True,57.2,19641104,62732175,Holly_James@macdonald.com
Mccarty_a4b9d,Alicia Mccarty,Alicia,Mccarty,True,39.32,19820916,57669519,Alicia_Mccarty@beasley.com
Guzman_2c0ed,Mr. Ryan Guzman,Ryan,Guzman,True,59.25,19621016,79930919,Ryan_Guzman@walker-hudson.biz
Christian_90eb3,Zoe Christian,Zoe,Christian,True,22.81,19990319,22170983,Zoe_Christian@grant.com
Watson_61db6,Nicholas Watson,Nicholas,Watson,True,59.79,19620403,72181751,Nicholas_Watson@williams.com
Ruiz_956d3,Mrs. Shirley Ruiz,Shirley,Ruiz,True,49.42,19720812,23759691,Shirley_Ruiz@house-gay.com
Wood_67f27,Victoria Wood,Victoria,Wood,True,30.55,19910622,13955959,Victoria_Wood@proctor-baker.com
Knight_10192,Jillian Knight,Jillian,Knight,True,33.17,19881108,20417711,Jillian_Knight@davenport.com
Fisher_27703,Ryan Fisher,Ryan,Fisher,True,34.2,19871030,63505855,Ryan_Fisher@fletcher.com
Howe_a7c94,Stephanie Howe,Stephanie,Howe,True,58.36,19630905,37283343,Stephanie_Howe@allen.com
Kim_c0e4a,Kenneth Kim,Kenneth,Kim,True,22.68,19990505,37818767,Kenneth_Kim@duran.com
Macias_a4116,Andrew Macias,Andrew,Macias,True,55.26,19661013,28232535,Andrew_Macias@douglas.com
Jackson_89ce6,Lisa Jackson,Lisa,Jackson,True,49.0,19730114,82393203,Lisa_Jackson@morton-lowe.com
Huffman_fb25a,Elizabeth Huffman,Elizabeth,Huffman,True,63.33,19580918,15486151,Elizabeth_Huffman@zamora.com
Stone_9ab9f,Christina Stone,Christina,Stone,True,28.81,19930320,34449775,Christina_Stone@medina.com
Mata_53cfc,Miranda Mata,Miranda,Mata,True,28.96,19930124,61632395,Miranda_Mata@martin.com
Garza_565a5,Martin Garza,Martin,Garza,True,47.06,19741221,28343727,Martin_Garza@morris.info
Merritt_696fd,Alexander Merritt,Alexander,Merritt,True,41.33,19800913,33574735,Alexander_Merritt@butler.net
Anderson_71b94,Mackenzie Anderson,Mackenzie,Anderson,True,42.64,19790522,34401951,Mackenzie_Anderson@welch.biz
Alexander_12438,Austin Alexander,Austin,Alexander,True,26.73,19950418,12638703,Austin_Alexander@ortiz.com
Sanders_e9c2f,Kelly Sanders,Kelly,Sanders,True,69.77,19520413,29703695,Kelly_Sanders@coleman.com
Jones_fae51,Matthew Jones,Matthew,Jones,True,21.56,20000615,98616991,Matthew_Jones@arnold.com
Juarez_ab899,Donna Juarez,Donna,Juarez,True,66.6,19550612,60313867,Donna_Juarez@sanders-briggs.com
David_39e9f,Sarah David,Sarah,David,True,23.06,19981216,97218247,Sarah_David@collier.net
Barajas_62836,Carmen Barajas,Carmen,Barajas,True,40.63,19810526,34685455,Carmen_Barajas@smith.com
Johnson_5dcba,Angela Johnson,Angela,Johnson,True,37.37,19840827,62439103,Angela_Johnson@stewart.com
Lynch_1a989,Sonia Lynch,Sonia,Lynch,True,58.12,19631202,66838511,Sonia_Lynch@bowman-mccullough.biz
Sparks_a67f3,Melissa Sparks,Melissa,Sparks,True,28.44,19930802,27530863,Melissa_Sparks@sanchez-stevenson.com
Serrano_c59d5,Rebecca Serrano,Rebecca,Serrano,True,56.47,19650726,48396631,Rebecca_Serrano@martin.com
Barrera_10054,Elizabeth Barrera,Elizabeth,Barrera,True,21.39,20000816,15349719,Elizabeth_Barrera@gibbs.biz
Avila_70c38,Michael Avila,Michael,Avila,True,68.99,19530123,46158431,Michael_Avila@ramirez.org
Hill_e971e,Katherine Hill,Katherine,Hill,True,38.32,19830918,37709951,Katherine_Hill@tran.com
Hart_3b264,Kristin Hart,Kristin,Hart,True,55.08,19661217,36255543,Kristin_Hart@ortega.com
Ho_73551,Jacqueline Ho,Jacqueline,Ho,True,60.96,19610131,75359367,Jacqueline_Ho@henry.com
Rodriguez_c3743,Tyler Rodriguez,Tyler,Rodriguez,True,52.14,19691123,38316039,Tyler_Rodriguez@nelson.com
Knight_e66ab,Michael Knight,Michael,Knight,True,34.76,19870408,71412263,Michael_Knight@davidson.com
Arroyo_44022,Heather Arroyo,Heather,Arroyo,True,42.51,19790709,36165719,Heather_Arroyo@martinez.com
Larson_06714,Lori Larson,Lori,Larson,True,58.44,19630807,38397103,Lori_Larson@flowers.com
Lopez_b6ee8,Lindsay Lopez,Lindsay,Lopez,True,39.97,19820123,62519943,Lindsay_Lopez@foster.net
Vazquez_13d09,David Vazquez,David,Vazquez,True,31.58,19900612,57160871,David_Vazquez@davila-beck.com
Mathis_68b34,Amber Mathis,Amber,Mathis,True,53.72,19680426,41337495,Amber_Mathis@jensen-jensen.info
Knight_513c8,Jessica Knight,Jessica,Knight,True,53.63,19680528,21071591,Jessica_Knight@mcdowell-jones.info
Chavez_302a3,Jessica Chavez,Jessica,Chavez,True,26.79,19950325,68367639,Jessica_Chavez@oliver.info
Phillips_fab0b,Mrs. Grace Phillips,Grace,Phillips,True,52.62,19690531,71945055,Grace_Phillips@foley-davis.info
Salazar_cf1ae,Karen Salazar,Karen,Salazar,True,26.69,19950502,89394439,Karen_Salazar@wu-cohen.com
Hicks_5e5f2,Sherry Hicks,Sherry,Hicks,True,60.14,19611127,12514111,Sherry_Hicks@stout-nicholson.com
Dennis_6fd98,Jeffrey Dennis,Jeffrey,Dennis,True,37.19,19841102,25874695,Jeffrey_Dennis@simmons.org
Davila_1977b,Sarah Davila,Sarah,Davila,True,42.35,19790906,46685303,Sarah_Davila@nash.com
Oneill_7278c,Karen Oneill,Karen,Oneill,True,29.26,19921004,72265879,Karen_Oneill@gomez.com
Gilmore_a124d,Katie Gilmore,Katie,Gilmore,True,34.23,19871019,83937223,Katie_Gilmore@lopez.biz
Mills_f511a,Nicholas Mills,Nicholas,Mills,True,58.29,19631001,68844231,Nicholas_Mills@williams.com
Hull_d0117,Kim Hull,Kim,Hull,True,18.55,20030619,69198923,Kim_Hull@king.com
Montgomery_1a334,Jennifer Montgomery,Jennifer,Montgomery,True,50.5,19710715,53834071,Jennifer_Montgomery@estrada-cole.com
Bailey_13beb,Cynthia Bailey,Cynthia,Bailey,True,42.38,19790825,48942719,Cynthia_Bailey@oneill.com
Wright_fefcf,John Wright,John,Wright,True,38.23,19831019,96650335,John_Wright@harris.com
Miller_d6676,Kelsey Miller,Kelsey,Miller,True,43.18,19781107,45676055,Kelsey_Miller@anderson-green.com
Brown_565a7,Sheila Brown,Sheila,Brown,True,39.12,19821128,32490999,Sheila_Brown@stevens-edwards.com
Johnson_8ef4f,Ashley Johnson,Ashley,Johnson,True,35.54,19860627,40141375,Ashley_Johnson@duarte.info
Moore_a6529,Lisa Moore,Lisa,Moore,True,27.14,19941119,99493567,Lisa_Moore@ramos.com
Haynes_dd4da,Brianna Haynes,Brianna,Haynes,True,23.77,19980401,12153303,Brianna_Haynes@garcia.com
Brown_58eac,Luis Brown,Luis,Brown,True,67.32,19540924,86879631,Luis_Brown@medina.org
Newman_15a27,Julian Newman,Julian,Newman,True,63.85,19580313,49873159,Julian_Newman@haynes.com
Ferguson_fb458,Thomas Ferguson,Thomas,Ferguson,True,62.1,19591213,28787319,Thomas_Ferguson@guzman.com
Swanson_0be9c,David Swanson,David,Swanson,True,19.05,20021220,16753799,David_Swanson@gregory.com
Dyer_7b5ce,Kathryn Dyer,Kathryn,Dyer,True,62.1,19591210,57873103,Kathryn_Dyer@walker.com
Rodriguez_a9b99,Lauren Rodriguez,Lauren,Rodriguez,True,28.23,19931016,27106623,Lauren_Rodriguez@soto.com
Rodriguez_f1303,Jeffrey Rodriguez,Jeffrey,Rodriguez,True,31.78,19900331,56472143,Jeffrey_Rodriguez@trujillo.com
Anderson_7118f,Richard Anderson,Richard,Anderson,True,63.61,19580607,66751511,Richard_Anderson@white.com
Huynh_1735e,Andrea Huynh,Andrea,Huynh,True,32.28,19890929,26799851,Andrea_Huynh@dixon-smith.com
Allen_013af,Brian Allen,Brian,Allen,True,66.05,19560101,93233303,Brian_Allen@conway.com
Peck_723a2,Jacqueline Peck,Jacqueline,Peck,True,62.93,19590210,60512219,Jacqueline_Peck@smith-miller.com
Lee_7f12f,Jessica Lee,Jessica,Lee,True,54.98,19670124,89410823,Jessica_Lee@brown-baxter.com
Pham_2772e,Desiree Pham,Desiree,Pham,True,23.3,19980918,21659871,Desiree_Pham@gomez.org
Allen_7a4f2,Martin Allen,Martin,Allen,True,19.28,20020924,99969439,Martin_Allen@steele.com
Mcdaniel_50061,Jason Mcdaniel,Jason,Mcdaniel,True,56.79,19650403,68591887,Jason_Mcdaniel@wood.com
Mitchell_06d3f,Angela Mitchell,Angela,Mitchell,True,53.02,19690105,50190223,Angela_Mitchell@moreno-evans.com
Sanchez_9f266,Derrick Sanchez,Derrick,Sanchez,True,51.73,19700424,97980535,Derrick_Sanchez@mitchell.com
Ruiz_4fd0b,Angela Ruiz,Angela,Ruiz,True,23.29,19980922,32048807,Angela_Ruiz@ramirez.org
Weaver_3aeb5,David Weaver,David,Weaver,True,29.62,19920527,13469943,David_Weaver@eaton.org
Lewis_ef96d,Bryan Lewis,Bryan,Lewis,True,55.86,19660307,41243367,Bryan_Lewis@guerrero-harris.org
Ellis_b9ff0,Christine Ellis,Christine,Ellis,True,23.56,19980617,69393823,Christine_Ellis@blackwell.com
Rodriguez_b6c10,Amanda Rodriguez,Amanda,Rodriguez,True,54.92,19670215,45111815,Amanda_Rodriguez@wagner.org
Salinas_8ad1c,Alyssa Salinas,Alyssa,Salinas,True,23.5,19980710,41363847,Alyssa_Salinas@robbins.com
Morris_fd4a9,Mrs. Destiny Morris MD,Destiny,Morris,True,19.7,20020424,34213111,Destiny_Morris@morris.biz
Baker_e1e70,Antonio Baker,Antonio,Baker,True,62.62,19590605,61275895,Antonio_Baker@adams-harrison.biz
Walsh_8cd29,Mr. Kevin Walsh,Kevin,Walsh,True,29.43,19920805,63251375,Kevin_Walsh@hamilton.net
Daniels_c934d,Stuart Daniels,Stuart,Daniels,True,19.81,20020317,38551603,Stuart_Daniels@castro.com
Knox_d64ed,Kenneth Knox,Kenneth,Knox,True,22.53,19990626,47904991,Kenneth_Knox@zamora.com
Mitchell_1bdd4,Steve Mitchell,Steve,Mitchell,True,46.21,19751027,98789479,Steve_Mitchell@adkins-russell.com
Hendricks_a352c,Craig Hendricks,Craig,Hendricks,True,26.22,19951018,51721063,Craig_Hendricks@garcia-higgins.com
Kerr_a02d8,Ricky Kerr,Ricky,Kerr,True,70.57,19510625,43238807,Ricky_Kerr@gonzalez-martinez.com
Aguilar_d3661,Gloria Aguilar,Gloria,Aguilar,True,52.61,19690606,69773231,Gloria_Aguilar@dorsey-donaldson.com
Mcmillan_a77b7,Jon Mcmillan,Jon,Mcmillan,True,30.01,19920104,15207695,Jon_Mcmillan@mcmahon-taylor.biz
Hall_0bc14,Mr. Gerald Hall PhD,Gerald,Hall,True,50.27,19711007,53954823,Gerald_Hall@kim-chapman.com
Knight_7e064,Alexander Knight,Alexander,Knight,True,47.42,19740812,41639975,Alexander_Knight@doyle.com
Cross_36c08,Joseph Cross,Joseph,Cross,True,68.98,19530126,35750023,Joseph_Cross@mason-shaw.net
Myers_1466d,Dr. Joel Myers PhD,Joel,Myers,True,49.32,19720920,49665991,Joel_Myers@smith-willis.net
Wheeler_b5a77,Reginald Wheeler,Reginald,Wheeler,True,34.97,19870122,29179575,Reginald_Wheeler@brown.biz
Mckee_92c0e,Michael Mckee,Michael,Mckee,True,21.3,20000917,87409327,Michael_Mckee@gordon.com
Richard_fb535,Mrs. Elizabeth Richard,Elizabeth,Richard,True,31.27,19901002,70199975,Elizabeth_Richard@stewart.biz
Park_a639e,Roy Park,Roy,Park,True,66.22,19551029,69451423,Roy_Park@rodriguez-west.com
Smith_f312f,Lisa Smith,Lisa,Smith,True,63.41,19580819,99884935,Lisa_Smith@black.info
Wiggins_71b94,Walter Wiggins,Walter,Wiggins,True,42.64,19790522,12487311,Walter_Wiggins@chen-morris.org
Castro_49d90,Jonathan Castro,Jonathan,Castro,True,51.77,19700409,95059239,Jonathan_Castro@sandoval.com
Carroll_78391,Richard Carroll,Richard,Carroll,True,60.64,19610526,61422551,Richard_Carroll@massey-gardner.com
Wright_7a20b,Ashley Wright,Ashley,Wright,True,40.39,19810823,27446295,Ashley_Wright@callahan-dixon.info
Fletcher_e6fff,Michelle Fletcher,Michelle,Fletcher,True,38.22,19831024,15665159,Michelle_Fletcher@anderson.com
Morris_5c574,Ashley Morris,Ashley,Morris,True,46.79,19750329,17176967,Ashley_Morris@aguilar-wood.biz
Murphy_ecd95,Carol Murphy,Carol,Murphy,True,57.83,19640317,54241135,Carol_Murphy@lowe.com
Russell_203e4,Michael Russell,Michael,Russell,True,53.85,19680308,24280095,Michael_Russell@orozco.com
Andrews_776f9,Shawna Andrews,Shawna,Andrews,True,23.15,19981115,12022295,Shawna_Andrews@freeman.com
Obrien_a0d8f,Veronica Obrien,Veronica,Obrien,True,21.11,20001128,46421095,Veronica_Obrien@oneill.biz
Hernandez_3d7b1,Dana Hernandez,Dana,Hernandez,True,27.95,19940126,50236391,Dana_Hernandez@jackson.com
Bernard_cc2c8,Amanda Bernard,Amanda,Bernard,True,35.91,19860211,52780943,Amanda_Bernard@gilmore.info
Harris_e20bd,Lauren Harris,Lauren,Harris,True,43.42,19780811,42605007,Lauren_Harris@long.com
Morales_867f3,Sean Morales,Sean,Morales,True,18.3,20030920,50605207,Sean_Morales@molina.com
Dennis_14df3,Andrea Dennis,Andrea,Dennis,True,64.31,19570926,17153399,Andrea_Dennis@smith-goodman.com
Mendoza_fa60d,John Mendoza,John,Mendoza,True,36.65,19850519,85845135,John_Mendoza@mahoney.com
Johnson_ba49d,Robert Johnson,Robert,Johnson,True,64.18,19571114,59478743,Robert_Johnson@mathis.org
Hogan_5a330,Arthur Hogan,Arthur,Hogan,True,39.83,19820315,80309015,Arthur_Hogan@brown.biz
Krueger_b37c9,Jeremy Krueger,Jeremy,Krueger,True,38.49,19830715,37358751,Jeremy_Krueger@haley.com
Mcdaniel_4de3f,Sierra Mcdaniel,Sierra,Mcdaniel,True,18.48,20030713,77274903,Sierra_Mcdaniel@mata.com
Smith_85c0b,Wendy Smith,Wendy,Smith,True,51.96,19700128,60349279,Wendy_Smith@smith-webb.com
Diaz_0bd1d,Leslie Diaz,Leslie,Diaz,True,64.72,19570430,57506727,Leslie_Diaz@thomas-shelton.com
Snyder_d3f05,Grant Snyder,Grant,Snyder,True,48.2,19731031,23872143,Grant_Snyder@gonzales.com
Jenkins_27fe6,Brandi Jenkins,Brandi,Jenkins,True,56.05,19651228,79308567,Brandi_Jenkins@miller.com
Haynes_18bc2,Amy Haynes,Amy,Haynes,True,61.84,19600314,41563455,Amy_Haynes@levy.com
Watson_e796d,Nicole Watson,Nicole,Watson,True,55.51,19660712,22599395,Nicole_Watson@simmons.info
Roberts_d606a,John Roberts,John,Roberts,True,67.85,19540315,16513279,John_Roberts@hendricks.com
Ryan_74ba2,Gary Ryan,Gary,Ryan,True,25.24,19961010,78108759,Gary_Ryan@wright-yu.org
Nelson_fde1d,Carrie Nelson,Carrie,Nelson,True,70.61,19510609,49242255,Carrie_Nelson@archer-murphy.com
Hood_bb6b9,Jacob Hood,Jacob,Hood,True,65.94,19560208,24204143,Jacob_Hood@evans.com
Charles_02485,Tracy Charles,Tracy,Charles,True,28.17,19931108,62200511,Tracy_Charles@rowe.com
Miller_28ba0,Heather Miller,Heather,Miller,True,68.97,19530128,37035727,Heather_Miller@taylor.net
Johnson_8eba4,Brandon Johnson,Brandon,Johnson,True,36.27,19851003,60862935,Brandon_Johnson@ramirez.com
Cook_a5121,Kevin Cook,Kevin,Cook,True,43.33,19780913,71239915,Kevin_Cook@cox-stewart.com
Moore_4ebab,Mary Moore,Mary,Moore,True,54.49,19670720,51073987,Mary_Moore@knight.info
Lane_24958,Derrick Lane,Derrick,Lane,True,32.32,19890916,65837219,Derrick_Lane@yates.com
Butler_39d0c,Robert Butler,Robert,Butler,True,21.63,20000521,66234759,Robert_Butler@weiss-scott.biz
Nelson_f7fc3,Wendy Nelson,Wendy,Nelson,True,57.02,19650108,59119063,Wendy_Nelson@day.com
Wang_5d283,Melinda Wang,Melinda,Wang,True,44.35,19770906,53607903,Melinda_Wang@west.biz
Ramsey_843ef,Jasmine Ramsey,Jasmine,Ramsey,True,71.79,19500407,16447279,Jasmine_Ramsey@jackson.com
Beltran_b42ac,William Beltran,William,Beltran,True,36.83,19850313,16495975,William_Beltran@bean.com
Jefferson_84127,Albert Jefferson,Albert,Jefferson,True,37.15,19841117,32919607,Albert_Jefferson@diaz-bailey.com
Smith_e240f,Adam Smith,Adam,Smith,True,37.62,19840529,27756583,Adam_Smith@reed-smith.org
Ferguson_8004f,Jessica Ferguson,Jessica,Ferguson,True,54.96,19670129,78033235,Jessica_Ferguson@young.com
Stuart_42d02,Gerald Stuart,Gerald,Stuart,True,26.41,19950810,98421991,Gerald_Stuart@strong.net
Vaughan_40056,Jacob Vaughan,Jacob,Vaughan,True,38.34,19830908,69615007,Jacob_Vaughan@martinez.com
Thompson_9b317,Tammy Thompson,Tammy,Thompson,True,19.61,20020529,13111159,Tammy_Thompson@jimenez.org
Fuentes_0598c,Matthew Fuentes,Matthew,Fuentes,True,55.8,19660329,33411447,Matthew_Fuentes@miranda.com
Carpenter_4acee,April Carpenter,April,Carpenter,True,50.29,19710929,97274415,April_Carpenter@page.com
Garcia_d383b,Rachel Garcia,Rachel,Garcia,True,25.21,19961021,87786127,Rachel_Garcia@neal.com
Madden_d8100,Patrick Madden,Patrick,Madden,True,27.19,19941101,35389647,Patrick_Madden@sanders.com
Myers_96365,Angela Myers,Angela,Myers,True,47.96,19740126,59457063,Angela_Myers@rodriguez.com
Baker_726e6,Wayne Baker,Wayne,Baker,True,54.05,19671227,92067207,Wayne_Baker@brown.com
Cox_c2d50,Haley Cox,Haley,Cox,True,57.29,19641001,27911351,Haley_Cox@lewis.com
Sanders_65a5d,Dan Sanders,Dan,Sanders,True,71.44,19500813,30043759,Dan_Sanders@klein-hernandez.com
Boyle_7540a,Timothy Boyle,Timothy,Boyle,True,37.59,19840608,49033195,Timothy_Boyle@roach.net
Butler_3fea8,Jeremy Butler,Jeremy,Butler,True,20.97,20010116,92810031,Jeremy_Butler@allen.biz
Fisher_cd40a,Thomas Fisher,Thomas,Fisher,True,36.74,19850415,99090999,Thomas_Fisher@phillips.com
Lopez_d2a7d,Taylor Lopez,Taylor,Lopez,True,64.66,19570522,17889439,Taylor_Lopez@jones-salazar.com
Ortiz_fed1f,Cynthia Ortiz MD,Cynthia,Ortiz,True,62.53,19590706,91591279,Cynthia_Ortiz@mathis.com
Macias_76606,Jeffrey Macias,Jeffrey,Macias,True,31.84,19900310,98485783,Jeffrey_Macias@cox.com
Drake_1697c,Brian Drake,Brian,Drake,True,59.21,19621102,83466007,Brian_Drake@hurst-price.net
Austin_69ddb,Anna Austin,Anna,Austin,True,22.13,19991122,83758091,Anna_Austin@mcguire.com
Clark_b1291,Joel Clark,Joel,Clark,True,63.52,19580712,65159231,Joel_Clark@mcclain.com
Olson_4c0a6,Deborah Olson,Deborah,Olson,True,64.45,19570805,92118339,Deborah_Olson@greene.com
Love_01195,Michael Love,Michael,Love,True,19.8,20020321,41033095,Michael_Love@rodriguez-martinez.net
Fletcher_d66cd,Crystal Fletcher,Crystal,Fletcher,True,61.0,19610115,34430647,Crystal_Fletcher@lawrence.info
Porter_19ffd,Michael Porter,Michael,Porter,True,44.58,19770614,69635251,Michael_Porter@shepherd.org
Jordan_26d57,Timothy Jordan,Timothy,Jordan,True,22.03,19991228,77411263,Timothy_Jordan@young.com
Leblanc_25e89,Kathy Leblanc,Kathy,Leblanc,True,40.87,19810227,69067343,Kathy_Leblanc@warren-gray.com
Floyd_ee7c0,William Floyd,William,Floyd,True,49.5,19720713,27758191,William_Floyd@duran.com
Hayden_44dbe,Angela Hayden,Angela,Hayden,True,25.54,19960623,28574351,Angela_Hayden@barry.net
Hodges_c3205,Renee Hodges,Renee,Hodges,True,34.04,19871228,63899519,Renee_Hodges@hamilton.com
Miller_b1a7b,Samantha Miller,Samantha,Miller,True,56.78,19650406,41451647,Samantha_Miller@mcmahon.com
Houston_81d36,Sandra Houston,Sandra,Houston,True,21.9,20000211,88159159,Sandra_Houston@cruz.org
Perry_a0904,Nicole Perry,Nicole,Perry,True,68.41,19530822,81236407,Nicole_Perry@ford.info
Bryant_a8734,Joseph Bryant,Joseph,Bryant,True,46.99,19750116,83155355,Joseph_Bryant@anderson-gonzalez.biz
Arnold_5b344,Daniel Arnold,Daniel,Arnold,True,24.25,19971009,88076335,Daniel_Arnold@kaiser-robinson.info
Lambert_0c6fa,Leslie Lambert,Leslie,Lambert,True,40.61,19810604,97188543,Leslie_Lambert@sutton-aguirre.org
Velasquez_ff760,Robert Velasquez,Robert,Velasquez,True,23.67,19980506,45353591,Robert_Velasquez@ramirez-davis.biz
Orozco_32e5d,Lauren Orozco,Lauren,Orozco,True,21.95,20000126,71540231,Lauren_Orozco@sanchez.com
Johns_bd350,Destiny Johns,Destiny,Johns,True,48.12,19731201,89233575,Destiny_Johns@hayes.com
Walker_f5f00,Stacey Walker,Stacey,Walker,True,31.95,19900129,85917303,Stacey_Walker@norton.biz
Davis_d9ba6,Jennifer Davis,Jennifer,Davis,True,28.22,19931018,72513603,Jennifer_Davis@nguyen.com
Leon_3a2bb,Julie Leon,Julie,Leon,True,28.82,19930313,60535175,Julie_Leon@montgomery.biz
Page_28484,Evan Page,Evan,Page,True,27.42,19940808,37848247,Evan_Page@harrison.org
Owen_1c1c8,April Owen,April,Owen,True,54.31,19670923,16552967,April_Owen@sanchez.com
Russell_eeae9,Mr. Evan Russell,Evan,Russell,True,62.99,19590120,75209343,Evan_Russell@ferguson.net
Cruz_a019e,Jordan Cruz,Jordan,Cruz,True,63.82,19580323,42355435,Jordan_Cruz@clark-dickerson.com
Brooks_5ee94,Dr. Edward Brooks,Edward,Brooks,True,21.76,20000404,92929919,Edward_Brooks@lane.info
Castaneda_1e9a5,Brent Castaneda,Brent,Castaneda,True,63.87,19580307,80875871,Brent_Castaneda@garcia.com
Peters_62c2d,Gregory Peters,Gregory,Peters,True,31.35,19900902,78256247,Gregory_Peters@ray.net
Malone_82057,Jason Malone,Jason,Malone,True,66.71,19550503,47278299,Jason_Malone@allen.com
Bauer_12cdf,Kristin Bauer,Kristin,Bauer,True,32.56,19890617,53716731,Kristin_Bauer@gray.biz
Salazar_8a391,Matthew Salazar,Matthew,Salazar,True,22.07,19991211,50895327,Matthew_Salazar@jones-jones.com
Morris_ed007,Martin Morris,Martin,Morris,True,28.41,19930810,47193651,Martin_Morris@garcia.com
Martinez_fa7cb,Natasha Martinez,Natasha,Martinez,True,53.74,19680418,55194439,Natasha_Martinez@west.com
Powell_89e26,Charles Powell,Charles,Powell,True,24.34,19970906,47215879,Charles_Powell@knight.com
Perez_f6857,Leah Perez,Leah,Perez,True,46.34,19750911,34266271,Leah_Perez@smith-burns.biz
Powell_c3379,Brian Powell,Brian,Powell,True,62.17,19591115,67153775,Brian_Powell@hernandez.com
Sandoval_6592d,Laura Sandoval,Laura,Sandoval,True,35.33,19860913,17475623,Laura_Sandoval@brown.com
Gonzalez_bc4a4,Mr. Charles Gonzalez,Charles,Gonzalez,True,50.78,19710404,94465511,Charles_Gonzalez@navarro.com
Caldwell_92d76,Nicholas Caldwell,Nicholas,Caldwell,True,44.5,19770714,42525999,Nicholas_Caldwell@hurley-bass.com
Wyatt_ac546,Brian Wyatt,Brian,Wyatt,True,63.1,19581211,63631399,Brian_Wyatt@wright-young.com
French_c64c5,Sarah French,Sarah,French,True,40.49,19810716,14911411,Sarah_French@wright.biz
Garcia_a540e,Ryan Garcia,Ryan,Garcia,True,28.4,19930815,26856535,Ryan_Garcia@vazquez-wells.com
Bartlett_03923,Joseph Bartlett,Joseph,Bartlett,True,39.9,19820215,99932903,Joseph_Bartlett@thompson-espinoza.biz
Anderson_a86c0,Megan Anderson,Megan,Anderson,True,51.46,19700729,21736903,Megan_Anderson@wilson-murillo.com
Hughes_5403f,Pamela Hughes,Pamela,Hughes,True,34.58,19870613,40181295,Pamela_Hughes@charles-costa.com
Scott_af31d,Tiffany Scott,Tiffany,Scott,True,35.17,19861110,76272207,Tiffany_Scott@davis.com
Conway_b17c3,Stanley Conway,Stanley,Conway,True,36.35,19850905,71853567,Stanley_Conway@adams.com
Campbell_054c1,Christine Campbell,Christine,Campbell,True,39.21,19821028,29996463,Christine_Campbell@white.info
Petty_89b4f,Yolanda Petty,Yolanda,Petty,True,30.96,19910125,69674519,Yolanda_Petty@dunlap-brown.com
Lopez_65a92,James Lopez,James,Lopez,True,42.57,19790618,88866567,James_Lopez@werner.org
Oneal_1a34f,Emily Oneal,Emily,Oneal,True,64.0,19580118,49152079,Emily_Oneal@gutierrez.com
Donaldson_c6b02,Kirk Donaldson,Kirk,Donaldson,True,42.04,19791230,36131119,Kirk_Donaldson@roberts-mills.info
Jones_7290c,Tara Jones,Tara,Jones,True,36.86,19850303,49275455,Tara_Jones@blankenship.net
Pruitt_56617,Evan Pruitt,Evan,Pruitt,True,62.83,19590321,55413567,Evan_Pruitt@brown.biz
Shaw_34013,Karen Shaw,Karen,Shaw,True,47.02,19750106,81014367,Karen_Shaw@trujillo.info
Cohen_0fcc4,Christine Cohen,Christine,Cohen,True,27.55,19940621,80232231,Christine_Cohen@rich-bell.com
Gutierrez_8e2f3,Daniel Gutierrez,Daniel,Gutierrez,True,64.21,19571103,93799931,Daniel_Gutierrez@santana-bryan.com
Williams_c20d3,George Williams,George,Williams,True,40.82,19810319,69991287,George_Williams@patton.com
Allen_8c000,Lori Allen,Lori,Allen,True,19.31,20020916,28175727,Lori_Allen@valdez-phillips.com
Kelly_0c61d,Charles Kelly,Charles,Kelly,True,52.79,19690401,62777351,Charles_Kelly@dalton.com
Villa_19bdd,Jonathan Villa,Jonathan,Villa,True,46.11,19751203,80471287,Jonathan_Villa@suarez.com
Jackson_40b1b,Cindy Jackson,Cindy,Jackson,True,54.47,19670727,60954247,Cindy_Jackson@garcia-burch.com
Williams_10ae3,Scott Williams,Scott,Williams,True,41.85,19800308,85799255,Scott_Williams@keller-wong.com
Hernandez_04544,Dylan Hernandez,Dylan,Hernandez,True,26.86,19950301,31405951,Dylan_Hernandez@singleton-johnson.com
Vazquez_51496,John Vazquez,John,Vazquez,True,59.87,19620306,73810151,John_Vazquez@rivera.biz
Jones_974cf,Michele Jones,Michele,Jones,True,30.81,19910319,18146159,Michele_Jones@leach-taylor.org
Cannon_6f0f0,Tiffany Cannon,Tiffany,Cannon,True,50.58,19710616,47798639,Tiffany_Cannon@keller.org
Garcia_6967c,Michelle Garcia,Michelle,Garcia,True,41.24,19801017,52895823,Michelle_Garcia@lynch.com
Bailey_255ab,Matthew Bailey,Matthew,Bailey,True,34.45,19870728,39436023,Matthew_Bailey@benjamin.com
Edwards_e7bbf,Kristin Edwards,Kristin,Edwards,True,39.61,19820603,22435107,Kristin_Edwards@short.com
Kirk_079a3,Kristen Kirk,Kristen,Kirk,True,62.4,19590823,97993751,Kristen_Kirk@ayers.com
Carrillo_d036e,Ruth Carrillo,Ruth,Carrillo,True,42.35,19790905,43751451,Ruth_Carrillo@paul.com
Stephenson_dd890,Jacob Stephenson,Jacob,Stephenson,True,67.19,19541111,75359427,Jacob_Stephenson@larson-stevenson.net
Flynn_066c3,Curtis Flynn,Curtis,Flynn,True,43.3,19780926,58787463,Curtis_Flynn@cook-drake.com
Perez_7a5c3,Thomas Perez,Thomas,Perez,True,58.9,19630220,96377439,Thomas_Perez@greene-lopez.com
Kline_e724e,Sheri Kline,Sheri,Kline,True,27.58,19940609,33546343,Sheri_Kline@hinton.com
Baker_4cd37,Mr. Jeff Baker,Jeff,Baker,True,54.73,19670424,57871767,Jeff_Baker@bentley.com
Powell_d1cfb,William Powell,William,Powell,True,54.49,19670721,71832243,William_Powell@harrell.com
Johnson_a3713,Robert Johnson,Robert,Johnson,True,69.67,19520518,42600607,Robert_Johnson@burnett.org
Maxwell_90243,Rachel Maxwell,Rachel,Maxwell,True,47.67,19740513,91714011,Rachel_Maxwell@edwards-nguyen.biz
Thomas_2a3b9,Shannon Thomas,Shannon,Thomas,True,53.36,19680903,18892279,Shannon_Thomas@dawson-alexander.com
Morse_d4789,Courtney Morse,Courtney,Morse,True,44.52,19770707,23951715,Courtney_Morse@klein.org
Murray_8d3f7,Jeffrey Murray,Jeffrey,Murray,True,39.06,19821221,27473887,Jeffrey_Murray@jones.net
Jackson_5ae26,Carla Jackson,Carla,Jackson,True,27.48,19940715,44275151,Carla_Jackson@morris.com
Hoffman_f0c23,Eric Hoffman,Eric,Hoffman,True,46.72,19750425,99871415,Eric_Hoffman@lang.info
Wagner_83f4e,Kristin Wagner,Kristin,Wagner,True,24.94,19970129,66045343,Kristin_Wagner@clayton.com
Dixon_d2533,Jessica Dixon,Jessica,Dixon,True,55.42,19660816,76336767,Jessica_Dixon@clark.org
Rodriguez_3b414,Kathleen Rodriguez,Kathleen,Rodriguez,True,54.28,19671005,65397891,Kathleen_Rodriguez@frost-james.com
Burton_80ddc,David Burton,David,Burton,True,51.79,19700402,19798095,David_Burton@glover-willis.org
Shea_abeb3,Nicole Shea,Nicole,Shea,True,66.04,19560102,28795599,Nicole_Shea@mcclure.com
Hamilton_e7a3a,Alexander Hamilton,Alexander,Hamilton,True,57.2,19641104,28127271,Alexander_Hamilton@allen-gillespie.org
